"Authors","Author full names","Author(s) ID","Title","Year","Source title","Volume","Issue","Art. No.","Page start","Page end","Cited by","DOI","Link","Affiliations","Authors with affiliations","Abstract","Author Keywords","Index Keywords","Publisher","Document Type","Publication Stage","Open Access","Source","EID"
"Raut A.; Puri C.","Raut, Amey (57222069368); Puri, Chetan (58909567600)","57222069368; 58909567600","Predicting Bank Customer Churn with Interpretable Machine Learning using SHAP","2025","Proceedings of the 6th International Conference on Electronics and Sustainable Communication Systems, ICESC 2025","","","","1611","1616","0","10.1109/ICESC65114.2025.11212534","https://www.scopus.com/pages/publications/105022628433?origin=resultslist","Datta Meghe Institute of Higher Education and Research, Faculty of Engineering and Technology, Dept. of Computer Science and Engineering, Maharashtra, Wardha, India","Raut A., Datta Meghe Institute of Higher Education and Research, Faculty of Engineering and Technology, Dept. of Computer Science and Engineering, Maharashtra, Wardha, India; Puri C., Datta Meghe Institute of Higher Education and Research, Faculty of Engineering and Technology, Dept. of Computer Science and Engineering, Maharashtra, Wardha, India","Customer churn is a very important phenomenon in the retail banking industry, which causes large losses in terms of revenue and very low market share of the financial institutions. This research paper presents a more developed prediction model utilizing Random Forest Classifier combined with SHAP (SHapley Additive exPlanations) to predict customer churn in a way that the decisions and their rationale remain unobscured. Based on a rich data consisting of 10,000 customer records, the model rises to an eighty-six-point five percent test accuracy, which is better than baseline models like logistic regression. The SHAP analysis the study uses is detailed and allows identifying critical churn predictors, namely, age, account balance, and the number of banking products, demonstrating the richness and depth of insights about customer behavior. Based on these results, banking practitioners can develop specific retention initiatives, including special premium services on behalf of clients that have large balances and considerations in managing many products, due to a surprising tendency of increased churn in the latter group. The ability to explain models more concisely provided by the incorporation of SHAP shortens the way to regulatory compliance in the banking industry where explainable AI is a strict requirement of financial standards and becomes a factor contributing to the trust of various stakeholders. This research addresses the very challenge of low predictive accuracy and a lack of actionable transparency, thereby contributing to an uptake of machine learning to bank management, both in the short term with this framework as well as into the future with the demonstration of the framework to a wider latent market. The paper establishes the foundation of improving the tool in such a way, as to include real-world data and complex ensemble methods to optimize churn prediction further. © 2025 IEEE.","Banking; Customer Churn; Explainable AI; Random Forest; SHAP","Additives; Balancing; Commerce; Competition; Forecasting; Learning systems; Logistic regression; Machine learning; Prediction models; Random forests; Regulatory compliance; Sales; Banking industry; Customer churns; Explainable AI; Low markets; Machine-learning; Market share; Random forests; Retail banking; Shapley; Shapley additive explanation; Banking; Decision trees","Institute of Electrical and Electronics Engineers Inc.","Conference paper","Final","","Scopus","2-s2.0-105022628433"
"Shahabikargar M.; Beheshti A.; Zhang X.; Foo J.; Jolfaei A.","Shahabikargar, Maryam (57814615300); Beheshti, Amin (50361038600); Zhang, Xuyun (35148680700); Foo, Jin (58298642900); Jolfaei, Alireza (36680369700)","57814615300; 50361038600; 35148680700; 58298642900; 36680369700","A comprehensive survey on customer churn analysis studies","2026","Journal of Information and Telecommunication","10","1","","24","70","2","10.1080/24751839.2025.2528440","https://www.scopus.com/pages/publications/105010511202?origin=resultslist","School of Computing, Macquarie University, Sydney, Australia; College of Science and Engineering, Flinders University, Adelaide, Australia","Shahabikargar M., School of Computing, Macquarie University, Sydney, Australia; Beheshti A., School of Computing, Macquarie University, Sydney, Australia; Zhang X., School of Computing, Macquarie University, Sydney, Australia; Foo J., School of Computing, Macquarie University, Sydney, Australia; Jolfaei A., College of Science and Engineering, Flinders University, Adelaide, Australia","This paper presents a comprehensive survey of customer churn analysis studies. It begins by examining the customer journey and touchpoints, emphasizing their influence on churn behaviour. The survey then reviews a range of machine learning algorithms used for churn prediction and explores the various feature types employed in this domain. Additionally, it investigates churn analysis across key industries, including telecommunications, banking, and gaming, highlighting the modelling approaches and features commonly applied within each sector. Finally, the paper identifies existing limitations in current research and proposes future directions to address these gaps and associated challenges. Overall, this survey aims to provide a thorough understanding of current practices and to support further advancements in the field of customer churn analysis. © 2025 The Author(s). Published by Informa UK Limited, trading as Taylor & Francis Group.","business domains; Customer churn; feature engineering; machine learning analysis; predictive models","Learning algorithms; Learning systems; Machine learning; Telecommunication industry; Business domain; Churn analysis; Churn predictions; Customer churns; Feature engineerings; Machine learning algorithms; Machine learning analyze; Machine-learning; Predictive models; Touch-points; Sales","Taylor and Francis Ltd.","Article","Final","All Open Access; Gold Open Access; Green Open Access","Scopus","2-s2.0-105010511202"
"Bhuria R.; Gupta S.; Kaur U.; Bharany S.; Rehman A.U.; Hussen S.; Tejani G.G.; Jangir P.","Bhuria, Ruchika (59313530900); Gupta, Sheifali (57072019200); Kaur, Upinder (59912664400); Bharany, Salil (57271146200); Rehman, Ateeq Ur (57210246601); Hussen, Seada (57443801600); Tejani, Ghanshyam G. (57133057200); Jangir, Pradeep (56857572500)","59313530900; 57072019200; 59912664400; 57271146200; 57210246601; 57443801600; 57133057200; 56857572500","Ensemble-based customer churn prediction in banking: a voting classifier approach for improved client retention using demographic and behavioral data","2025","Discover Sustainability","6","1","28","","","29","10.1007/s43621-025-00807-8","https://www.scopus.com/pages/publications/85217877173?origin=resultslist","Chitkara University Institute of Engineering and Technology, Chitkara University, Punjab, India; Department of Computer Science and Engineering, Lovely Professional University, Punjab, Phagwara, 144411, India; School of Computing, Gachon University, Seongnam-si, 13120, South Korea; Jadara Research Center, Jadara University, Irbid, 21110, Jordan; Department of CSE, Graphic Era Deemed, To Be University, Uttarakhand, Dehradun, 248002, India; Department of Electrical Power, Adama Science and Technology University, Adama, 1888, Ethiopia","Bhuria R., Chitkara University Institute of Engineering and Technology, Chitkara University, Punjab, India; Gupta S., Chitkara University Institute of Engineering and Technology, Chitkara University, Punjab, India; Kaur U., Department of Computer Science and Engineering, Lovely Professional University, Punjab, Phagwara, 144411, India; Bharany S., Chitkara University Institute of Engineering and Technology, Chitkara University, Punjab, India; Rehman A.U., School of Computing, Gachon University, Seongnam-si, 13120, South Korea; Hussen S., Department of Electrical Power, Adama Science and Technology University, Adama, 1888, Ethiopia; Tejani G.G., Jadara Research Center, Jadara University, Irbid, 21110, Jordan; Jangir P., Department of CSE, Graphic Era Deemed, To Be University, Uttarakhand, Dehradun, 248002, India","Customer turnover is a crucial issue in banking since maintained profitability depends on keeping clients. This work aims to categorize consumer turnover in banks by using a new ensemble approach combining many machine learning methods, hence enhancing churn prediction models. Using a comprehensive dataset including demographic, financial, and behavioral data—such as credit score, account balance, tenure, and activity levels—the study employs the goal variable revealing if a customer has left the bank. The study starts with univariate, bivariate, and multivariate feature exploration and subsequently uses the Interquartile Range (IQR) approach to identify outliers thereby improving the data quality. Five models—K-Nearest Neighbors, Support Vector Classifier, Random Forest, Decision Tree, and XGBoost—a Voting Classifier ensemble—are used to estimate project churn. Building upon all the strengths of each model, this approach improves the prediction of classification and provides a balanced and highly robust classification system. The applied approaches are K-Nearest Neighbors (KNN), Support Vector Classifier (SVC), Random Forest, Decision Tree, and XGBoost within a Voting Classifier configuration. The performance of the Voting Classifier without SMOTE yields the following results: Accuracy: 0.87, precision: 0.87, recall: 0.80, and F1-Score: 0.87. The proposed model that extend the base model using SMOTE (Synthetic Minority Over-sampling Technique), yields a higher prediction accuracy of 0.90, precision of 0.90, recall of 0.90 and F1-Score of 0.90. This enhancement is proving the efficiency of SMOTE to handle the class imbalance problem in order to render the churn prediction more balanced and reliable system. The proposed approach assures a reliable solution to the strategies to retain the customers in the banking organisations. © The Author(s) 2025.","Challenges in statistical methods; Empowerment; Ensemble methods; Explainability; Inclusivity; Insights into customer behavior; Machine learning models; Resilience; Sustainability","banking; consumption behavior; demography; empowerment; machine learning; numerical model; prediction; statistical analysis; sustainability","Springer Nature","Article","Final","All Open Access; Gold Open Access; Green Open Access","Scopus","2-s2.0-85217877173"
"Gottipati K.C.; Maddineni D.","Gottipati, Kalyan C. (59523216100); Maddineni, Deepika (59563233700)","59523216100; 59563233700","Customer Churn Prediction by Utilizing Bald Eagle Hunting Strategy with White Tailed Eagle Algorithm and Support Vector Machine Classifier","2025","3rd International Conference on Data Science and Information System, ICDSIS 2025","","","","","","1","10.1109/ICDSIS65355.2025.11070746","https://www.scopus.com/pages/publications/105011828238?origin=resultslist","Citizens Financial Group, Department of Information Technology, AZ, United States; JPMorgan & Chase Co, Department of Information Technology, New York, United States","Gottipati K.C., Citizens Financial Group, Department of Information Technology, AZ, United States; Maddineni D., JPMorgan & Chase Co, Department of Information Technology, New York, United States","In the banking industry, customer churn occurs when customers stop using the services provided, leading to a loss of clientele, which negatively impacts the bank's reputation. To retain customers, understanding and analyzing the causes of churn, as well as its predicting is crucial. Machine Learning (ML) algorithms are introduced to analyze and predict customer churn, helping banks identify and retain valuable clients. Classification techniques are employed to classify customer behavior, determining whether a customer will stay or churn. The Bald Eagle hunting strategy-White-tailed eagle-Support Vector Machine (BE-WE-SVM) focuses on predicting customer churn based on the Bank Customer Churn Prediction dataset, using features that enhance churn prediction accuracy. The proposed BE-WE-SVM model was evaluated using existing performance metrics and achieved an accuracy of 99.04%, precision of 98.30%, F1-score of 98.59%, and recall of 98.98%. For the Bank Customer Churn Prediction dataset, the model obtained an accuracy of 99.04%, precision of 98.98%, F1-score of 98.59%, and recall of 98.98%. The proposed method outperforms existing methods, achieving higher accuracy in customer churn prediction.  © 2025 IEEE.","banking industry; customer churn; machine learning; support vector machine; white tailed eagle algorithm","Banking; Classification (of information); Classifiers; Distributed computer systems; Forecasting; Learning algorithms; Learning systems; Sales; Service industry; Bald eagles; Banking industry; Customer churn prediction; Customer churns; Customer understanding; F1 scores; Machine-learning; Support vector machine classifiers; Support vectors machine; White tailed eagle algorithm; Support vector machines","Institute of Electrical and Electronics Engineers Inc.","Conference paper","Final","","Scopus","2-s2.0-105011828238"
"Singh A.K.; Kori G.; Garg P.; Srivastava G.","Singh, Ashutosh Kumar (60568625900); Kori, Gaurav (60568626000); Garg, Puneet (57222723363); Srivastava, Gaurav (60568626100)","60568625900; 60568626000; 57222723363; 60568626100","Bank Churn Prediction Using Machine Learning","2025","2025 IEEE 7th International Conference on Computing, Communication and Automation, ICCCA 2025","","","","","","0","10.1109/ICCCA66364.2025.11325204","https://www.scopus.com/pages/publications/105035163081?origin=resultslist","KIET Group of Institutions, Dept. of CSE (AI&ML), Ghaziabad, India; KIET Group of Institutions, Dept. of CSE, Ghaziabad, India","Singh A.K., KIET Group of Institutions, Dept. of CSE (AI&ML), Ghaziabad, India; Kori G., KIET Group of Institutions, Dept. of CSE (AI&ML), Ghaziabad, India; Garg P., KIET Group of Institutions, Dept. of CSE, Ghaziabad, India; Srivastava G., KIET Group of Institutions, Dept. of CSE (AI&ML), Ghaziabad, India","Customer churn prediction represents a critical challenge for the banking sector, with significant implications for revenue retention and customer relationship management. This study investigates the factors influencing churn behavior among clients of a European retail bank, utilizing a dataset comprising 10,000 customer records. We employ a comprehensive machine learning framework incorporating seven distinct algorithms: Logistic Regression (as baseline), K-Nearest Neighbors, Decision Tree, Random Forest, AdaBoost, XGBoost, and an Artificial Neural Network. The analysis includes feature engineering to identify key predictors of churn, encompassing demographic characteristics, account activity patterns, and service usage metrics. Our comparative approach examines how different algorithmic architectures capture the complex relationships underlying customer attrition. The study contributes to financial analytics literature by providing empirical insights into machine learning applications for churn prediction in the European banking context. Furthermore, the results offer practical value for bank managers seeking to develop targeted retention programs and optimize customer engagement strategies through data-driven decision making. © 2025 IEEE.","","Banking; Customer satisfaction; Learning systems; Logistic regression; Machine learning; Nearest neighbor search; Neural networks; Public relations; Random forests; Sales; Banking sectors; Churn predictions; Critical challenges; Customer churn prediction; Customer relationship management; Learning frameworks; Logistics regressions; Machine-learning; Nearest-neighbour; Retail banks; Decision trees","Institute of Electrical and Electronics Engineers Inc.","Conference paper","Final","","Scopus","2-s2.0-105035163081"
"Varshini B.A.; Gayathri B.; Surya V.; Devi K.L.","Varshini, Bollepalli Amrutha (60661016300); Gayathri, Bolla (59997476400); Surya, V. (58202795700); Devi, K. Lalitha (59141723500)","60661016300; 59997476400; 58202795700; 59141723500","Bank Customer Churn Rate Prediction and Minimization Using Machine Learning","2026","7th International Conference on Innovative Trends in Information Technology, ICITIIT 2026","","","","","","0","10.1109/ICITIIT68860.2026.11499530","https://www.scopus.com/pages/publications/105040687064?origin=resultslist","Sathyabama Institute of Science and Technology, Chennai, India","Varshini B.A., Sathyabama Institute of Science and Technology, Chennai, India; Gayathri B., Sathyabama Institute of Science and Technology, Chennai, India; Surya V., Sathyabama Institute of Science and Technology, Chennai, India; Devi K.L., Sathyabama Institute of Science and Technology, Chennai, India","The customer churn turnover, which is the termination of a relationship with a bank by a customer, is a major challenge to financial institutions that may result in loss of revenue and decreased long-term stability. With the rise in the competition in the banking industry, customer retention has become as important as customer acquisition. The proposed paper will suggest a machine learningbased solution to customer churn prediction and reduction. Customer data is analysed to predict the churn with several machine learning models, like Random Forest, AdaBoost, XGBoost, Logistic Regression, and Naive Bayes. Handling missing values, eliminating duplicates, and normalization of data are some of the preprocessing processes in the methodology. Also, approaches like SMOTE (Synthetic Minority Over-sampling Technique) are also used in combating imbalance in classes. The models are compared on performance measures like recall, accuracy and ROC-AUC, where AdaBoost is able to perform best in terms of recall, implying that it is very efficient in revealing at-risk customers. The system is a webbased application developed on the Flask framework that enables real-time churn prediction. This allows banks take proactive measures towards reducing churn by keeping high-risk customers. © 2026 IEEE.","AdaBoost; Class Imbalance; Customer churn; Data Preprocessing; logistic regression; machine learning; Naive Bayes; predictive analytics; random forest; Retention Strategies; SMOTE; XGBoost","Banking; Barium compounds; Big data; Competition; Customer satisfaction; Data mining; Learning systems; Logistic regression; Machine learning; Predictive analytics; Random forests; Sales; Class imbalance; Customer churns; Data preprocessing; Logistics regressions; Machine-learning; Naive bayes; Random forests; Retention strategies; Synthetic minority over-sampling techniques; Xgboost; Decision trees","Institute of Electrical and Electronics Engineers Inc.","Conference paper","Final","","Scopus","2-s2.0-105040687064"
"Warnakulaarachchi C.; Kumarapathirage S.","Warnakulaarachchi, Claudia (60212510400); Kumarapathirage, Sapna (58562228600)","60212510400; 58562228600","Predictive Banking: A Deep Ensemble Customer Churn Prediction Model for Enhanced Customer Retention","2026","Lecture Notes in Networks and Systems","1514 LNNS","","","469","483","1","10.1007/978-3-031-97119-8_36","https://www.scopus.com/pages/publications/105023107357?origin=resultslist","School of Computing, Informatics Institute of Technology, Colombo, Sri Lanka","Warnakulaarachchi C., School of Computing, Informatics Institute of Technology, Colombo, Sri Lanka; Kumarapathirage S., School of Computing, Informatics Institute of Technology, Colombo, Sri Lanka","The issue of customer churn is increasingly critical for numerous organizations, particularly within the banking sector, due to its negative impact on revenue. Factors such as market saturation, changing customer preferences, and rising competition contribute to this challenge. Identifying potential churners early enables banks to proactively engage with these customers, thereby improving their CRM strategies to be more assertive and customer-centric. This paper introduces an innovative deep-learning ensemble model designed to predict customer churn in the banking industry. The proposed model operates on four levels. The initial two levels employ three essential data preprocessing techniques alongside a comprehensive feature reduction system utilizing XGBoost. In the third level, four distinct classifiers—CNN, SVM, LR, and DT—are trained as base classifiers. Finally, the predictions from these base classifiers are combined using a stacking ensemble method, which capitalizes on the strengths of each classifier by incorporating CatBoost as a meta-learner. Experimental results indicate that the proposed model surpasses other machine learning, deep learning, and ensemble algorithms, such as RF, SVM, CNN, and AdaBoost, achieving an impressive accuracy of 87.95%. © The Author(s), under exclusive license to Springer Nature Switzerland AG 2026.","Customer churn prediction; Deep learning; Stacking ensemble","Banking; Classification (of information); Competition; Customer satisfaction; Forecasting; Learning algorithms; Learning systems; Prediction models; Sales; Banking sectors; Base classifiers; Customer churn prediction; Customer churns; Customer preferences; Customer retention; Deep learning; Prediction modelling; Stacking ensemble; Stackings; Deep learning","Springer Science and Business Media Deutschland GmbH","Conference paper","Final","","Scopus","2-s2.0-105023107357"
"Kerkri A.; Belakhdar A.; Madani M.A.","Kerkri, Abdelmounaim (57204426636); Belakhdar, Adnane (57729391400); Madani, Mohamed Amine (55376210100)","57204426636; 57729391400; 55376210100","Machine learning counterfactuals for customer churn: a business rules framework with cross-domain validation","2026","International Journal of Data Science and Analytics","22","1","103","","","0","10.1007/s41060-026-01081-1","https://www.scopus.com/pages/publications/105033470252?origin=resultslist","Laboratory of Engineering Sciences and Intelligent Systems, National School of Applied Sciences Mohammed Premier University, Oujda, Morocco; Faculty of Sciences University Mohammed 1st, Oujda, Morocco","Kerkri A., Laboratory of Engineering Sciences and Intelligent Systems, National School of Applied Sciences Mohammed Premier University, Oujda, Morocco; Belakhdar A., Faculty of Sciences University Mohammed 1st, Oujda, Morocco; Madani M.A., Laboratory of Engineering Sciences and Intelligent Systems, National School of Applied Sciences Mohammed Premier University, Oujda, Morocco","Customer churn prediction is widely studied, but most models stop at risk scores and do not indicate how firms should intervene. We propose a counterfactual explanation framework that turns churn scores into individual retention actions by formulating churn prevention as a constrained cost-minimization problem and implementing a greedy, business-rule-based approximation. The framework encodes actionable versus non-actionable features, domain-specific intervention bounds and cost weights, and yields per-customer counterfactual profiles together with a Digital Retention Action Index that jointly evaluates churn reduction, intervention cost, and sparsity. We evaluate the approach on five public churn datasets (banking, e-commerce, internet service provision, credit cards, and streaming). Across domains, greedy counterfactuals significantly outperform random and single-feature baselines, yet success rates vary strongly (0.36–69.35%), revealing a sharp dissociation between classification accuracy and the feasibility of actionable recourse. Financial services exhibit much higher counterfactual success than digital services, suggesting that explicit service attributes provide more effective intervention levers than behavioral engagement metrics. These results show that high predictive accuracy alone is insufficient for retention management and that assessing the actionability of the feature space is essential when deploying churn models in practice. © The Author(s), under exclusive licence to Springer Nature Switzerland AG 2026.","Counterfactual explanations; Customer churn; Customer retention; Machine learning","Costs; Customer satisfaction; Electronic commerce; Machine learning; Sales; Business rules; Cost minimization; Counterfactual explanation; Counterfactuals; Cross-domain; Customer churn prediction; Customer churns; Customer retention; Machine-learning; Risk score; Learning systems","Springer Science and Business Media Deutschland GmbH","Article","Final","","Scopus","2-s2.0-105033470252"
"T N N.; Pramod D.","T N, Nisha (57211012107); Pramod, Dhanya (55791686900)","57211012107; 55791686900","Improving bank customer churn prediction with feature reduction using GA","2025","Scientific Reports","15","1","40035","","","3","10.1038/s41598-025-23867-2","https://www.scopus.com/pages/publications/105021825929?origin=resultslist","Symbiosis Centre for Information Technology (SCIT), Symbiosis International (Deemed University), Pune, India","T N N., Symbiosis Centre for Information Technology (SCIT), Symbiosis International (Deemed University), Pune, India; Pramod D., Symbiosis Centre for Information Technology (SCIT), Symbiosis International (Deemed University), Pune, India","Customer churn is one complex problem that all banking institutes struggle to deal with. The increased competition in the industry is forcing the banks to maintain customer loyalty by providing apt services to the demanding customers. Analysing the customer churn data will enable the banks to plan their services effectively and depend on various machine learning techniques to predict this churn. However, the high data dimension in these datasets adds adverse effects to this algorithm’s performance. This work proposes a way to improve the prediction accuracy of high-dimensional data with the help of feature selection using Genetic Algorithm (GA). This model identifies the machine learning algorithms which are sensitive towards the feature selection and which are not. The model is tested on a primary dataset and the results are analysed. This research also analyses those features which are the most important in predicting customer churn while applying the GA-optimized classification models. This assists the banking institutions to revise their marketing strategy so that they can attract more customers and also reduce customer attrition by providing the apt services to them. © The Author(s) 2025.","Customer churn prediction; Feature selection; Feature weightage; Machine learning classifiers: genetic algorithm; Sensitivity towards generations","Algorithms; Consumer Behavior; Humans; Machine Learning; Marketing; algorithm; consumer attitude; human; machine learning; marketing","Nature Research","Article","Final","All Open Access; Gold Open Access; Green Open Access","Scopus","2-s2.0-105021825929"
"Gkonis V.; Tsakalos I.","Gkonis, Vasileios (58771362500); Tsakalos, Ioannis (55605618300)","58771362500; 55605618300","Deep Dive Into Churn Prediction in the Banking Sector: The Challenge of Hyperparameter Selection and Imbalanced Learning","2025","Journal of Forecasting","44","2","","281","296","8","10.1002/for.3194","https://www.scopus.com/pages/publications/85203090609?origin=resultslist","Department of Accounting and Finance, University of Thessaly, Larissa, Greece","Gkonis V., Department of Accounting and Finance, University of Thessaly, Larissa, Greece; Tsakalos I., Department of Accounting and Finance, University of Thessaly, Larissa, Greece","Forecasting customer churn has long been a major issue in the banking sector because the early identification of customer exit is crucial for the sustainability of banks. However, modeling customer churn is hampered by imbalanced data between classification classes, where the churn class is typically significantly smaller than the no-churn class. In this study, we examine the performance of deep neural networks for predicting customer churn in the banking sector, while incorporating various resampling techniques to overcome the challenges posed by imbalanced datasets. In this work we propose the utilization of the APTx activation function to enhance our model’s forecasting ability. In addition, we compare the effectiveness of different combinations of activation functions, optimizers, and resampling techniques to identify configurations that yield promising results for predicting customer churn. Our results offer dual insights, enriching the existing literature in the field of hyperparameter selection, imbalanced learning, and churn prediction, while also revealing that APTx can be a promising component in the field of neural networks. © 2024 The Author(s). Journal of Forecasting published by John Wiley & Sons Ltd.","APTx activation function; artificial intelligence; customer churn prediction; hyperparameter selection; imbalanced learning","Adversarial machine learning; Banking; Contrastive Learning; Deep neural networks; Prediction models; Activation functions; APTx activation function; Banking sectors; Churn predictions; Customer churn prediction; Customer churns; Hyper-parameter; Hyperparameter selection; Imbalanced Learning; Neural-networks; Sales","John Wiley and Sons Ltd","Article","Final","All Open Access; Hybrid Gold Open Access","Scopus","2-s2.0-85203090609"
"Tam L.T.; Vi L.G.; Tuan N.M.","Tam, Luong Thanh (60172027300); Vi, Luong Gia (60172301600); Tuan, Nguyen Manh (57223163143)","60172027300; 60172301600; 57223163143","Comparison of Methods for Handling Imbalanced Data in Customer Churn Prediction with Feature Selection Using SHAP and mRMR Frameworks","2025","Cybernetics and Information Technologies","25","3","","68","87","1","10.2478/cait-2025-0023","https://www.scopus.com/pages/publications/105021024977?origin=resultslist","Faculty of Business Information and Technology, University of Economic Ho Chi Minh City, Viet Nam","Tam L.T., Faculty of Business Information and Technology, University of Economic Ho Chi Minh City, Viet Nam; Vi L.G., Faculty of Business Information and Technology, University of Economic Ho Chi Minh City, Viet Nam; Tuan N.M., Faculty of Business Information and Technology, University of Economic Ho Chi Minh City, Viet Nam","This study compared methods for handling imbalanced data in predicting customer churn in banking and e-commerce, using datasets with features selected via SHAP and MRMR. Two approaches were evaluated: data-level (Oversampling, Undersampling, and Hybrid resampling) and algorithm-level. Oversampling excelled on small to medium datasets, while Undersampling improved Recall but reduced Precision, lowering overall performance. Ensemble models outperformed single models, with tree-based Decision Trees showing better learning on imbalanced data among single models. The study recommends ensemble models for churn prediction, proposing the SHAP framework to enhance their interpretability through global and local explanations. Two models, ROS-CatBoost and CW-XGBoost, achieved exceptional results, with metrics like Accuracy, Precision, Recall, F1-score, ROC AUC, and PR AUC all above 0.9, indicating strong predictive accuracy for both churn and retention. These findings highlight the effectiveness of ensemble models and interpretability tools in addressing imbalanced data challenges. © 2025 Luong Thanh Tam et al., published by Sciendo.","Customer churn; Explainable AI; Imbalanced data; Machine learning; Resampling","","Sciendo","Article","Final","All Open Access; Gold Open Access; Green Open Access","Scopus","2-s2.0-105021024977"
"Bhatnagar A.; Srivastava S.","Bhatnagar, Anurag (57215138982); Srivastava, Sumit (36062024400)","57215138982; 36062024400","Customer Churn Prediction: A Machine Learning Approach with Data Balancing for Telecom Industry","2025","International Journal of Computing","24","1","","9","18","2","10.47839/ijc.24.1.3873","https://www.scopus.com/pages/publications/105003199203?origin=resultslist","Department of Information Technology, Manipal University Jaipur, Rajasthan, India","Bhatnagar A., Department of Information Technology, Manipal University Jaipur, Rajasthan, India; Srivastava S., Department of Information Technology, Manipal University Jaipur, Rajasthan, India","Churn prediction is the process of identifying customers who stop using services. Churn is not only the problem in Telecom industry but also banking, insurance, gaming companies, and internet service providers are also facing this challenge. This study focuses on churn prediction in telecom industry to determine the best classification model and reduce the number of attributes in the dataset. Machine learning models like Random Forest, K-Nearest Neighbour, Decision Tree, Support Vector Machine, Logistic Regression, Bagging Classifier, Extreme Gradient Boosting, Stochastic Gradient Descent Classifier, Gaussian Naive Bayes were used. To handle imbalance data and for hyper parameter tuning, techniques like SMOTE, ENN, Under-Sampling, Over-Sampling and K-cross fold validation were used. Random Forest classifier performed exceptionally well in forecasting customer churn in the telecom sector, as evidenced by the results. Its accuracy rate was 90.30% with all attributes, and 90.90% with reduced attributes dataset. This implies that the dataset with reduced attributes may be useful for churn prediction tasks in a variety of industries, offering useful information to companies trying to reduce customer attrition. This work validates itself by comparing with four previously published research. © (2025), (Research Institute of Intelligent Computer Systems). All rights reserved.","Accuracy; Attributes; Churn, Classification models; Hyper parameter tuning; Imbalanced data; Validation","","Research Institute of Intelligent Computer Systems","Article","Final","All Open Access; Gold Open Access","Scopus","2-s2.0-105003199203"
"Luong T.-T.; Luong V.-G.; Tran A.H.T.; Nguyen T.M.","Luong, Tam-Thanh (59738612100); Luong, Vi-Gia (59738693400); Tran, Anh Hoang Tuan (59738671200); Nguyen, Tuan Manh (59738612200)","59738612100; 59738693400; 59738671200; 59738612200","APPLICATION OF MACHINE LEARNING TECHNIQUES FOR CUSTOMER CHURN PREDICTION IN THE BANKING SECTOR","2025","Interdisciplinary Journal of Information, Knowledge, and Management","20","","9","","","2","10.28945/5469","https://www.scopus.com/pages/publications/105002705159?origin=resultslist","University of Economics Ho Chi Minh City, Ho Chi Minh City, Viet Nam","Luong T.-T., University of Economics Ho Chi Minh City, Ho Chi Minh City, Viet Nam; Luong V.-G., University of Economics Ho Chi Minh City, Ho Chi Minh City, Viet Nam; Tran A.H.T., University of Economics Ho Chi Minh City, Ho Chi Minh City, Viet Nam; Nguyen T.M., University of Economics Ho Chi Minh City, Ho Chi Minh City, Viet Nam","Aim/Purpose Previous studies have primarily focused on comparing predictive models without considering the impact of data preprocessing on model performance. Therefore, this study sets two main objectives. The first objective is to investigate the effect of resampling methods for handling imbalanced data on model effectiveness. The second objective is to compare and evaluate machine learning methods to identify the optimal model for each resampling technique, thereby determining the model that achieves the highest performance. Background In the highly competitive banking industry, attrition of customers is a major challenge for banks trying to improve customer retention. While many studies have focused on building and evaluating models to predict customer churn, they often miss addressing the problem of imbalanced data, which can significantly affect the model’s accuracy. Methodology In this study, following exploratory data analysis (EDA), we apply various techniques to address data imbalance and use a range of machine learning models, including Naïve Bayes, Logistic Regression, Support Vector Machine, Decision Tree, Random Forest, Gradient Boosting, XGBoost, and LightGBM, to predict customer churn using the dataset. Contribution The contribution of this research lies in its comprehensive evaluation and comparison of various techniques for handling imbalanced data in churn prediction models. The study identifies SMOTE-ENN as the most effective method for resampling imbalanced data. Among the models tested, LightGBM (accuracy = 0.979) achieves the highest performance based on evaluation metrics. Additionally, the research highlights that tree-based machine learning models generally perform better when trained on imbalanced datasets. © 2025 Informing Science Institute. All rights reserved.","banking industry; churn prediction; classification models; hybrid method; imbalanced data; machine learning; oversampling; undersampling","Adversarial machine learning; Contrastive Learning; Data accuracy; Decision trees; Sales; Support vector machines; Banking industry; Churn predictions; Classification models; Customer churns; Hybrid method; Imbalanced data; Machine learning models; Machine-learning; Over sampling; Under-sampling; Prediction models","Informing Science Institute","Article","Final","All Open Access; Gold Open Access","Scopus","2-s2.0-105002705159"
"Moradi F.; Tarif M.; Homaei M.","Moradi, Fatemeh (60066205300); Tarif, Mehran (58081124600); Homaei, Mohammadhossein (58725495300)","60066205300; 58081124600; 58725495300","Uncertainty-Aware Deep Ensembles for Confident Customer Churn Prediction with Rejection Option","2025","2025 15th International Conference on Computer and Knowledge Engineering, ICCKE 2025","","","","","","0","10.1109/ICCKE68588.2025.11273854","https://www.scopus.com/pages/publications/105030479023?origin=resultslist","Islamic Azad University, Faculty of Engineering Isfahan (Khorasgan) Branch, Isfahan, Iran; University of Verona, Department of Computer Science, Verona, Italy; University of Extremadura, Media Engineering Group, Cáceres, Spain","Moradi F., Islamic Azad University, Faculty of Engineering Isfahan (Khorasgan) Branch, Isfahan, Iran; Tarif M., University of Verona, Department of Computer Science, Verona, Italy; Homaei M., University of Extremadura, Media Engineering Group, Cáceres, Spain","Customer churn prediction is an important problem in business intelligence, especially in industries where keeping customers is both difficult and expensive. Many existing models can predict churn accurately but do not show how confident they are in their results, which can cause costly or incorrect decisions. To solve this issue, this paper introduces an Uncertainty-Aware Ensemble (UA-Ensemble) framework that predicts churn while also estimating confidence levels. The model combines five neural network types, including attention-based LSTMs, Bayesian networks, and Monte Carlo Dropout, to measure both aleatoric and epistemic uncertainty. A cost-aware rejection rule is used to avoid unreliable predictions. Experiments on large banking, e-commerce, and telecom datasets reached 94.2% accuracy and reduced intervention costs by 18.3% compared to baseline models. The proposed approach outperforms traditional machine learning and deep learning methods, proving effective and trustworthy for business decision-making across various industries.  © 2025 IEEE.","Bayesian neural networks; Customer churn prediction; deep ensembles; Monte Carlo dropout; rejection option; uncertainty quantification","Bayesian networks; Decision making; Deep neural networks; Electronic commerce; Forecasting; Information systems; Intelligent systems; Learning systems; Bayesian neural networks; Business-intelligence; Confidence levels; Customer churn prediction; Deep ensemble; Monte carlo dropout; Neural-networks; Rejection option; Uncertainty; Uncertainty quantifications; Sales","Institute of Electrical and Electronics Engineers Inc.","Conference paper","Final","","Scopus","2-s2.0-105030479023"
"Ulug B.; Akyüz S.","Ulug, Baha (59692661900); Akyüz, Süreyya (24766886300)","59692661900; 24766886300","Optimized churn prediction using ensemble-based feature selection via second-order cone programming","2025","Annals of Operations Research","353","2","","635","665","5","10.1007/s10479-025-06543-6","https://www.scopus.com/pages/publications/105000063419?origin=resultslist","Department of Industrial Engineering, Graduate School of Engineering, Bahcesehir University, Istanbul, Besiktas, 34330, Turkey; Department of Mathematics, Faculty of Engineering and Natural Sciences, Bahcesehir University, Istanbul, Besiktas, 34330, Turkey","Ulug B., Department of Industrial Engineering, Graduate School of Engineering, Bahcesehir University, Istanbul, Besiktas, 34330, Turkey; Akyüz S., Department of Mathematics, Faculty of Engineering and Natural Sciences, Bahcesehir University, Istanbul, Besiktas, 34330, Turkey","This paper investigates the diverse applications of ensemble-based artificial intelligence algorithms in analyzing customer churn within the banking industry. Additionally, it conducts a comprehensive comparison, rigorously contrasting well-established conventional methods with the relatively less-familiar second-order cone programming (SOCP) ensemble-based feature selection method. Conducting a comprehensive analysis, the study explores large-scale feature engineering using demographic, financial and transactional data. This approach not only enhances the complexity and real-world adaptability of churn analysis methodologies but also makes a significant contribution to business analytics in the banking sector. The research stands as a rare example in the literature, utilizing bank customer data within the interest-free financial system, thereby advancing our understanding of customer relationship management in both the operations research and financial sectors. Banks can use these methods to enhance their customer retention strategies, which may result in lower churn rates and higher customer lifetime value. By minimizing customer churn, banks can improve their financial stability and profitability, potentially leading to more consistent lending practices and lower interest rates for customers. © The Author(s) 2025.","Banking; Customer churn; Ensemble learning; Machine learning","","Springer","Article","Final","","Scopus","2-s2.0-105000063419"
"Suyam Praba R.; Suganthi P.; Harrish Samraj J.; Arthi V.K.; Bhuvaneswari M.","Suyam Praba, R. (59406976800); Suganthi, P. (58915202600); Harrish Samraj, J. (60602686100); Arthi, V.K. (59385753100); Bhuvaneswari, M. (60195806800)","59406976800; 58915202600; 60602686100; 59385753100; 60195806800","AI-Powered Customer Churn Prediction in Banking with R-based Gradient Boosting Models and Power BI Dashboards","2025","2025 IEEE 1st International Conference on Innovations in Engineering and Next-Generation Technologies for Sustainability, ICINVENTS 2025","","","","","","0","10.1109/ICINVENTS64613.2025.11401392","https://www.scopus.com/pages/publications/105036988093?origin=resultslist","School of Management Studies, Karpagam College of Engineering, Coimbatore, India; School of Management, Sri Krishna College of Engineering and Technology, Coimbatore, India; Department of Management Studies, Sri Ramakrishna Engineering College, Coimbatore, India; Department of Management Sciences, Hindusthan College of Engineering and Technology, Coimbatore, India","Suyam Praba R., School of Management Studies, Karpagam College of Engineering, Coimbatore, India; Suganthi P., School of Management, Sri Krishna College of Engineering and Technology, Coimbatore, India; Harrish Samraj J., School of Management, Sri Krishna College of Engineering and Technology, Coimbatore, India; Arthi V.K., Department of Management Studies, Sri Ramakrishna Engineering College, Coimbatore, India; Bhuvaneswari M., Department of Management Sciences, Hindusthan College of Engineering and Technology, Coimbatore, India","In the 21st century, Customer churn is a significant challenge in the banking sector, directly impacting revenue, operational efficiency, and long-term customer relationships. With increasing digital banking adoption and competition from fintech firms, banks must transition from reactive to proactive customer retention strategies. This study leverages machine learning techniques, specifically gradient boosting models such as XGBoost and LightGBM, to predict customer churn based on key demographic, behavioral, and financial attributes. The dataset undergoes rigorous preprocessing and feature engineering in R to ensure data quality, eliminate inconsistencies, and optimize feature selection. Additionally, Power BI is integrated to create interactive dashboards that provide dynamic and actionable insights for financial institutions. The LightGBM model achieved an accuracy of 90.04%, precision of 86.2%, recall of 61.1%, and F1-score of 71.4%, outperforming the XGBoost model (accuracy 89%). By implementing predictive analytics, banks can transition from reactive to proactive churn management, optimizing customer retention strategies and enhancing business sustainability. This research highlights how machine learning-powered predictive modeling can provide a data-driven framework for improving banking sector customer loyalty and mitigating churn risks. The seamless integration of R-driven predictive analytics and Power BI visualization enables banking institutions to convert analytical findings into data-driven strategies, bridging the gap between quantitative modeling and executive decision-making [1]. © 2025 IEEE.","Banking Sector; Customer Churn Prediction; Customer Retention; Gradient Boosting Models; Machine Learning; Power BI; XGBoost","Adaptive boosting; Banking; Competition; Customer satisfaction; Data mining; FinTech; Information use; Machine learning; Predictive analytics; Public relations; Sales; Visual analytics; Banking sectors; Customer churn prediction; Customer churns; Customer retention; Gradient boosting; Gradient boosting model; Machine-learning; Power; Power BI; Xgboost; Learning systems","Institute of Electrical and Electronics Engineers Inc.","Conference paper","Final","","Scopus","2-s2.0-105036988093"
"Uyyala P.R.; Kallur K.; Aijaz M.","Uyyala, Prabhakar R. (60598165300); Kallur, Keshava (60110419900); Aijaz, Mohammad (57228045700)","60598165300; 60110419900; 57228045700","AI based Banking Enterprise Solution using Related AI-Agent, Prediction of Customer with Fraud and Churn","2025","Proceedings of the 4th International Conference on Intelligent Computing, Information and Control Systems, ICOIICS 2025","","","","1666","1669","0","10.1109/ICOIICS67115.2025.11390136","https://www.scopus.com/pages/publications/105036683419?origin=resultslist","IBM, TX, United States; Truist bank, GA, United States; Kodada Institute of Technology and Science for Women, Telangana, Kodad, India","Uyyala P.R., IBM, TX, United States; Kallur K., Truist bank, GA, United States; Aijaz M., Kodada Institute of Technology and Science for Women, Telangana, Kodad, India","Artificial intelligence is reducing manual work significantly. Artificial intelligence can be used in different fields, but in our application, artificial intelligence is used for banking Agentic applications as well as customer fraud and churn prediction. Natural language processing (NLP) and machine learning classifiers are used for AI-Agent based applications with higher accuracy compared with state-of-the-art techniques. Proposed application even used for financial risk prediction using different machine learning algorithms. To understand the customer behavior based on customer input data and finding customer churn is also included as additional. The proposed method uses different machine learning and deep learning algorithms for the proposed AI-based application. Performance analysis of different machine learning and deep learning algorithms is calculated using different metrics such as accuracy, precision, recall, and F-score. From multiple algorithms, the algorithm that has higher accuracy is considered for further prediction in the specific application. In the banking enterprise solution, these types of artificial intelligence-based applications are used as advancements and to retain the customers. © 2025 IEEE.","Banking Churn; Enterprise Solutions; Financial AI-Agent Application; Financial Fraud Detection; Machine Learning; Natural Language Processing (NLP)","Autonomous agents; Banking; Deep learning; Intelligent agents; Learning algorithms; Learning systems; Natural language processing systems; Sales; Banking churn; Churn predictions; Enterprise solution; Financial AI-agent application; Financial fraud detections; High-accuracy; Language processing; Machine-learning; Natural language processing; Natural languages; Forecasting","Institute of Electrical and Electronics Engineers Inc.","Conference paper","Final","","Scopus","2-s2.0-105036683419"
"Agarwal P.; Gupta A.; Chakraborty M.","Agarwal, Pratiksha (59173926200); Gupta, Arun (59173629400); Chakraborty, Mohuya (9735607300)","59173926200; 59173629400; 9735607300","Ai-Driven Customer Retention","2025","Lecture Notes in Networks and Systems","1148","","","427","447","1","10.1007/978-981-97-8457-8_27","https://www.scopus.com/pages/publications/85219164917?origin=resultslist","SAP America, Palo Alto, CA, United States; Confiance Tech Solutions, Los Angeles, CA, United States; Cybersecurity Centre of Excellence, Institute of Engineering and Management, University of Engineering and Management, Kolkata, India","Agarwal P., SAP America, Palo Alto, CA, United States; Gupta A., Confiance Tech Solutions, Los Angeles, CA, United States; Chakraborty M., Cybersecurity Centre of Excellence, Institute of Engineering and Management, University of Engineering and Management, Kolkata, India","Artificial intelligence (AI) has had a significant impact on a wide range of industries, including robots, e-commerce, healthcare, and banking. The wealth of personal data has made it possible to convert human civilization's knowledge into digital form, which in turn has made it possible to use machine learning to create new knowledge and behaviors. AI has demonstrated significant promise for creating customer relationship management (CRM)/Enterprise Resource Planning (ERP) system retention strategies. AI is capable of analyzing consumer data to forecast habits, preferences, and churn risks through the use of sophisticated algorithms and machine learning. By anticipating client wants, personalizing interactions, and providing incentives that are specifically tailored, organizations can cultivate long-term consumer loyalty. AI can also enable real-time adaptation in CRM/ERP systems, improving customer satisfaction and increasing retention rates. This paper presents a Systematic Literature Review using the Preferred Reporting Items for Systematic Reviews and Meta-Analyses model for AI-based customer churn prediction in several industries and proposes a predictive analysis model of churn using a hybrid ensemble supervised machine learning algorithm for an online subscription service. The results are quite satisfactory with accuracy of 82%, precision of 78%, recall of 82%, specificity of 82%, and F1 score of 75%. The paper further discusses AI-driven customer retention policies’ opportunities, issues, and challenges. © The Author(s), under exclusive license to Springer Nature Singapore Pte Ltd. 2025.","Artificial intelligence; Customer churn; Customer experience; Customer personalization; Customer relationship management; Customer retention; Customer service automation; Enterprise resource planning; Hybrid ensemble; Predictive analytics; Supervised machine learning","Adversarial machine learning; Customer satisfaction; Data privacy; Enterprise resource management; Enterprise resource planning; Network security; Resource allocation; Risk analysis; Risk assessment; Sales; Self-supervised learning; Semi-supervised learning; Customer churns; Customer experience; Customer personalization; Customer relationship management; Customer retention; Customer service automation; Customer-service; Enterprise resources planning; Hybrid ensemble; Personalizations; Supervised machine learning; Predictive analytics","Springer Science and Business Media Deutschland GmbH","Conference paper","Final","","Scopus","2-s2.0-85219164917"
"Vijayashankar U.; Dhakshana J.D.A.; Nachathiram K.D.T.; Edward; Hariharan C.","Vijayashankar, U. (59412018400); Dhakshana, J. D. Aarthi (59412331100); Nachathiram, K. Domnic Thavagnana (59412331200); Edward (59412126700); Hariharan, C. (57211323224)","59412018400; 59412331100; 59412331200; 59412126700; 57211323224","Development of retail banking through digital transformation using blockchain technology","2025","Computational Methods in Science and Technology - Proceedings of the 4th International Conference on Computational Methods in Science and Technology, ICCMST 2024","2","","","43","49","0","10.1201/9781003561651-7","https://www.scopus.com/pages/publications/85209193032?origin=resultslist","Dhanalakshmi Srinivasan University, Trichy, India; Periyar Maniammai Institute of Science and Technology (Deemed to be University), Thanjavur, India; SRM University, Trichy, India","Vijayashankar U., Dhanalakshmi Srinivasan University, Trichy, India; Dhakshana J.D.A., Dhanalakshmi Srinivasan University, Trichy, India; Nachathiram K.D.T., Periyar Maniammai Institute of Science and Technology (Deemed to be University), Thanjavur, India; Edward, Periyar Maniammai Institute of Science and Technology (Deemed to be University), Thanjavur, India; Hariharan C., SRM University, Trichy, India","The research explores the potential of digital transformation in retail banking, integrating blockchain, smart contracts, and machine learning models. The focus is on improving speed, safety, and transparency in banking operations, particularly in risk assessment, fraud detection, and customer satisfaction. The methodology includes the construction of a blockchain for secure transactions, and the creation of smart contracts for automated loan approval. Machine learning models like Artificial Neural Network, Support Vector Machines LSTM, and RF are used for fraud detection and customer churn prediction. The results show high accuracy, precision, and scalability. The blockchain achieved transaction speeds of 500 transactions per second, and the smart contract achieved 95% accuracy for loan approval processes. This research aims to advance the retail banking system by developing technology that speeds up operations, prevents risks, and enhances customer satisfaction. © 2025 the Author(s).","Blockchain; Digital Transformation; Machine Learning; Retail Banking; Smart Contracts","Blockchain; Customer satisfaction; Sales; Banking operations; Block-chain; Customers' satisfaction; Digital transformation; Fraud detection; Machine learning models; Machine-learning; Retail banking; Risks assessments; Secure transactions; Smart contract","CRC Press/Balkema","Conference paper","Final","","Scopus","2-s2.0-85209193032"
"Thiru Moorthy P.; Manju Bashini S.; Suchitra S.","Thiru Moorthy, P. (60661689700); Manju Bashini, S. (60559816000); Suchitra, S. (57209099260)","60661689700; 60559816000; 57209099260","Predictive Modeling Of Customer Attrition In The Banking Sector","2026","IEEE International Conference on Electronic Systems and Intelligent Computing, ICESIC 2026 - Proceedings","","","","450","455","0","10.1109/ICESIC67389.2026.11496353","https://www.scopus.com/pages/publications/105040794953?origin=resultslist","Erode Sengunthar Engineering College, Department of Computer Science and Engineering, Tamil Nadu, Erode, India","Thiru Moorthy P., Erode Sengunthar Engineering College, Department of Computer Science and Engineering, Tamil Nadu, Erode, India; Manju Bashini S., Erode Sengunthar Engineering College, Department of Computer Science and Engineering, Tamil Nadu, Erode, India; Suchitra S., Erode Sengunthar Engineering College, Department of Computer Science and Engineering, Tamil Nadu, Erode, India","Predicting customer churn is very vital for the banking industry, as retaining existing customers is less expensive than acquiring new ones. The objective of this paper is to design an end-to-end (E2E) customer churn prediction framework based on a hybrid deep learning method and Interactive Web Application. The system consists of a Temporal Convolutional Network (TCN) to capture temporal behaviour patterns, and a Graph Neural Network (GNN) for relational modelling of customers. The generation of temporal sequences and construction of a customer relationship graph based on demographic, behavioural, and feedback-based features will enhance the prediction performance of the system. The system will be implemented using Streamlit, which will allow for single and batch predictions, real-time visualisation of results, and the ability to download reports. The experimental results revealed that the hybrid model developed using this approach provides very high accuracy for predicting customer churn using the developed dataset and can successfully identify high-risk customers. Therefore, this system provides a scalable approach that supports proactive strategies in relation to customer retention within the banking sector. © 2026 IEEE.","Banking Analytics; Customer Behavior Analysis; Customer Churn Prediction; Graph Neural Networks; Machine Learning; Predictive Modeling; Streamlit Deployment; Temporal Data Analysis","Banking; Customer satisfaction; Deep learning; Neural networks; Prediction models; Predictive analytics; Public relations; Sales; Banking analytic; Banking sectors; Customer behavior analysis; Customer churn prediction; Graph neural networks; Machine-learning; Predictive models; Streamlit deployment; Temporal Data; Temporal data analyze; Learning systems","Institute of Electrical and Electronics Engineers Inc.","Conference paper","Final","","Scopus","2-s2.0-105040794953"
"Liang Z.; Wang M.; Huang H.; Liang A.; Cheng L.; Zhao Y.","Liang, Zejian (59729842000); Wang, Mengyuan (59729999200); Huang, Hong (58577201500); Liang, Aiming (59730308400); Cheng, Luning (59729689100); Zhao, Yunxiang (36471242300)","59729842000; 59729999200; 58577201500; 59730308400; 59729689100; 36471242300","A Study on Customer Churn Prediction in the Banking Sector Using Stacking Model","2025","Proceedings of the 5th International Conference on Artificial Intelligence and Computer Engineering, ICAICE 2024","","","","670","675","2","10.1145/3716895.3717014","https://www.scopus.com/pages/publications/105002250446?origin=resultslist","School of Science, Civil Aviation Flight University of China, Sichuan, Chengdu, China; Civil Aviation Flight University of China, Guanghan College, Sichuan, Guanghan, China; Civil Aviation Flight University of China, Mianyang College, Sichuan, Mianyang, China; Civil Aviation Flight University of China, Suining College, Sichuan, Suining, China","Liang Z., School of Science, Civil Aviation Flight University of China, Sichuan, Chengdu, China; Wang M., School of Science, Civil Aviation Flight University of China, Sichuan, Chengdu, China; Huang H., Civil Aviation Flight University of China, Guanghan College, Sichuan, Guanghan, China; Liang A., Civil Aviation Flight University of China, Mianyang College, Sichuan, Mianyang, China; Cheng L., Civil Aviation Flight University of China, Suining College, Sichuan, Suining, China; Zhao Y., School of Science, Civil Aviation Flight University of China, Sichuan, Chengdu, China","In today's highly competitive market environment, customer churn has become a significant threat to the profitability of businesses, especially in industries such as banking, insurance, and telecommunications. Existing research widely employs machine learning models for customer churn prediction; however, single models often face limitations in handling complex nonlinear data and addressing class imbalance issues. To address these challenges, this study proposes a customer churn prediction model based on stacking ensemble learning. We employ neural networks, random forests, and logistic regression as base models, with logistic regression serving as the meta-model, to predict churn using a banking dataset. Experimental results demonstrate that the stacking model outperforms individual models, achieving an accuracy of 87.1% and an F1-score of 0.60. Notably, the stacking model achieves a recall rate of 50% for identifying churn customers. This study highlights that ensemble learning methods can effectively improve the accuracy of customer churn prediction and offer strong generalization capabilities, providing new insights for related industries. © 2024 Copyright held by the owner/author(s). Publication rights licensed to ACM.","customer churn prediction; ensemble learning; machine learning; stacking model","Adversarial machine learning; Banking; Competition; Contrastive Learning; Decision trees; Logistic regression; Profitability; Sales; Banking sectors; Competitive markets; Customer churn prediction; Customer churns; Ensemble learning; Logistics regressions; Machine learning models; Machine-learning; Market environment; Stacking models; Prediction models","Association for Computing Machinery, Inc","Conference paper","Final","","Scopus","2-s2.0-105002250446"
"Jacob J.; Thomson Fredrik E.J.","Jacob, Joby (60127332400); Thomson Fredrik, E.J. (57191965189)","60127332400; 57191965189","PREDICTIVE ANALYTICS FOR CUSTOMER CHURN IN BANKING: A MACHINE LEARNING APPROACH TO RETENTION","2025","International Journal of Applied Mathematics","38","4S","","85","102","1","10.12732/ijam.v38i4s.217","https://www.scopus.com/pages/publications/105017897452?origin=resultslist","Karpagam Academy of Higher Education (Deemed to be University), Coimbatore, India","Jacob J., Karpagam Academy of Higher Education (Deemed to be University), Coimbatore, India; Thomson Fredrik E.J., Karpagam Academy of Higher Education (Deemed to be University), Coimbatore, India","Using cutting-edge AI methods focused on machine learning models like Random Forest, XGBoost, and Logistic Regression, this study investigates the prediction of customer attrition in the banking industry. The highest accuracy of 81.07% is achieved from Logistic Regression. XGBoost achieves 80.31% with similar results. The result of feature importances analysis shows that TotalCharges, MonthlyCharges and Contract have the highest influence on churn. Further clustering breaks customers down into an actionable group for targeted retention strategy. The results indicate that predictive analytics can be used to reduce churn, boost customer satisfaction, and improve the performance of the business, thus requiring data-based customer retention strategies in banking. © 2025, Diogenes Co. Ltd.. All rights reserved.","AI Technologies; Banking Sector; Churn Drivers; Contract Type; Customer Churn Prediction; Customer Retention; Data Analysis; Decision Tree; Feature Importance; K-Means Clustering; Logistic Regression; Machine Learning; Model Evaluation; MonthlyCharges; Predictive Analytics; Random Forest; TotalCharges; XGBoost","","Diogenes Co. Ltd.","Article","Final","All Open Access; Gold Open Access","Scopus","2-s2.0-105017897452"
"Kumari M.A.P.; Saheb S.S.","Kumari, M Aruna Prasanna (60580525800); Saheb, Shaiku Shahida (58575382800)","60580525800; 58575382800","Prediction of Customer Churn in Financial Sectors using Machine Learning Algorithms","2025","2025 5th International Conference on Artificial Intelligence and Signal Processing, AISP 2025","","","","","","0","10.1109/AISP68263.2025.11396112","https://www.scopus.com/pages/publications/105035729233?origin=resultslist","VIT-AP University, Vit Ap School of Business, Amaravati, 522241, India","Kumari M.A.P., VIT-AP University, Vit Ap School of Business, Amaravati, 522241, India; Saheb S.S., VIT-AP University, Vit Ap School of Business, Amaravati, 522241, India","Machine Learning algorithms became effective models for estimating customers' financial performances, notably in the area of customer churn patterns for financial institutions, especially in the banking industry. To comprehend how customers have churning from their financial institutions, it is also important to explore the pragmatic driving forces of customer relationship management. In a competing environment, commercial banks are undertaking empirical evidence-based analysis of their customers' churn behavior, with a view to increasing retention and the profitability function. The present study suggests that the potential for using ML models such as Logistic Regression (LR), Support Vector Machine (SVM), k-Nearest Neighbors (KNN), and Random Forest, as well as Neural Networks, would significantly add to the predictive modelling capacity in the financial sector. Moreover, these models would likewise predict churn based on profitability with respect to delinquent collections and customer engagement. In addition, it will remain important to maintain customer data privacy while conversely developing ML models as predictive models that will, to the best of their abilities, be trustworthy. The use of ML algorithms has been proven to understand customer churn can provide effective and efficient improvements to customer satisfaction levels and subsequent customer loyalty that aiming to retain customers in the marketplace.  © 2025 IEEE.","Customer Churn; Financial Inclusion; Financial Sector; Machine Learning; Regression","Banking; Customer satisfaction; Data mining; Logistic regression; Nearest neighbor search; Neural networks; Profitability; Public relations; Random forests; Sales; Support vector regression; Banking industry; Customer churns; Financial inclusions; Financial institution; Financial performance; Financial sectors; Machine learning algorithms; Machine-learning; Predictive models; Regression; Learning systems","Institute of Electrical and Electronics Engineers Inc.","Conference paper","Final","","Scopus","2-s2.0-105035729233"
"Zhou Z.; Huang H.","Zhou, Zhuokai (60498287100); Huang, Hui (55738326900)","60498287100; 55738326900","A Comparative Study on Customer Churn Prediction for Commercial Banks Using Machine Learning Models","2025","2025 4th International Conference on Cloud Computing, Big Data Application and Software Engineering, CBASE 2025","","","","296","300","0","10.1109/CBASE67452.2025.11335549","https://www.scopus.com/pages/publications/105033455245?origin=resultslist","University of Mining and Technology Beijing, School of Management China, Beijing, China","Zhou Z., University of Mining and Technology Beijing, School of Management China, Beijing, China; Huang H., University of Mining and Technology Beijing, School of Management China, Beijing, China","Customer churn is a critical challenge eroding the profitability of commercial banks. This study conducts a comparative analysis of four machine learning models-Logistic Regression, Decision Tree, Random Forest, and XGBoost-to predict customer churn using a real-world banking dataset. After a systematic hyperparameter optimization process involving grid search and cross-validation, the XGBoost model demonstrated superior predictive performance, achieving an Area Under the Curve (AUC) of 0.8761 and an F1-score of 0.6060. Feature importance analysis of the best-performing model revealed that customer age, activity status, and the number of held products are key predictors of churn. These findings provide actionable, datadriven insights for financial institutions to develop more effective, persona-based customer retention strategies and improve resource allocation.  © 2025 IEEE.","commercial banking; comparative study; customer churn prediction; machine learning; random forest; XGBoost","Banking; Curve fitting; Customer satisfaction; Forecasting; Learning systems; Logistic regression; Machine learning; Optimization; Random forests; Sales; Commercial bank; Commercial banking; Comparatives studies; Critical challenges; Customer churn prediction; Customer churns; Machine learning models; Machine-learning; Random forests; Xgboost; Decision trees","Institute of Electrical and Electronics Engineers Inc.","Conference paper","Final","","Scopus","2-s2.0-105033455245"
"Thu Thuy P.T.; Thanh B.C.","Thu Thuy, Pham Thi (35213820500); Thanh, Bui Chi (60201142400)","35213820500; 60201142400","Ontology-Driven Customer Churn Prediction: Integrating Knowledge Graphs and Rules for Interpretable Retention Analytics","2025","International Conference on Big Data and Information Analytics, BigDIA","","2025","","629","636","0","10.1109/BigDIA68682.2025.11382726","https://www.scopus.com/pages/publications/105034872614?origin=resultslist","Nha Trang University, Viet Nam","Thu Thuy P.T., Nha Trang University, Viet Nam; Thanh B.C., Nha Trang University, Viet Nam","Customer churn prediction is a vital task for telecom and banking industries, but conventional machine learning models often operate as black boxes with limited interpretability. This paper presents ChurnOnt, an ontology-driven framework that integrates domain knowledge into churn prediction pipelines. We design a churn ontology covering customer, contract, and service concepts, and populate it with real-world telecom and banking datasets to build a knowledge graph. Semantic Web Rule Language (SWRL) rules encode expert knowledge and allow a reasoner to infer high-level semantic features (e.g., HighRiskCustomer). These ontology-derived features, combined with baseline attributes, are used to train machine learning models. Our experiments show that ontology-enhanced models improve recall and F1-score for churners, providing more accurate detection of customers at risk. Beyond predictive gains, the ontology also generates human-understandable explanations for churn predictions, bridging the gap between data-driven accuracy and business interpretability. This work highlights how combining symbolic reasoning with machine learning leads to more actionable and trustworthy churn analytics.  © 2025 IEEE.","Customer Churn Prediction; Interpretable Machine Learning; Knowledge Graph; Ontology; SWRL","Banking; Customer satisfaction; Forecasting; Knowledge graph; Learning systems; Machine learning; Sales; Semantic Web; Customer churn prediction; Interpretability; Interpretable machine learning; Knowledge graphs; Machine learning models; Machine-learning; Ontology's; Rules languages; Semantic web rule language; Semantic Web rules; Ontology","Institute of Electrical and Electronics Engineers Inc.","Conference paper","Final","","Scopus","2-s2.0-105034872614"
"Parupalli A.","Parupalli, Anirudh (60577470800)","60577470800","Predicting Customer Churn in Financial Services Using Ensemble Machine Learning Models","2025","2025 Global Conference on Information Technology and Communication Networks, GITCON 2025","","","","","","0","10.1109/GITCON65266.2025.11376655","https://www.scopus.com/pages/publications/105035595211?origin=resultslist","","","The early detection of client leave is critical for the survival of banks, making customer churn forecasting a long-standing problem in the banking industry. Predicting client attrition is challenging due to the data imbalance between the churn and no-churn classification groups. This study presents an ML-based approach to utilizing the Bank Customer Churn dataset to develop an accurate churn prediction model. Several classification models, such as Artificial Neural Networks (ANN), Random Forest (RF), and k-Nearest Neighbors (KNN) were used, and their Hyperparameters were hyperparameter-optimized. An ensemble classifier using weighted soft voting was proposed by combining classifiers to achieve a performance of 99.8% accuracy and 99.49% F1-score. Models were evaluated using parameters like F1-score, accuracy, recall, and ROC-AUC. Experimental evidence demonstrates that the ensemble model significantly outperforms individual models and serves as a stable tool in proactive customer retention. Confusion matrices and ROC curves were among the visualizations that further confirmed each model's efficacy. Findings from this study suggest that ensemble learning may be a powerful data-driven tool for churn prediction, enabling financial institutions to identify high-risk customers and implement targeted retention strategies to reduce losses. © 2025 IEEE.","Bank Customer Churn Dataset; Banking Industry; Customer Churn Prediction; Customer Retention; Machine Learning","Banking; Classification (of information); Customer satisfaction; Forecasting; Learning systems; Machine learning; Motion compensation; Nearest neighbor search; Neural networks; Random forests; Bank customer churn dataset; Banking industry; Churn predictions; Customer churn prediction; Customer churns; Customer retention; F1 scores; Financial service; Hyper-parameter; Machine-learning; Sales","Institute of Electrical and Electronics Engineers Inc.","Conference paper","Final","","Scopus","2-s2.0-105035595211"
"Ghallab H.; Nasr M.; Fahmy H.","Ghallab, Haitham (57212586035); Nasr, Mona (36701802700); Fahmy, Hanan (57212582166)","57212586035; 36701802700; 57212582166","Enhancing Customer Churn Analysis by Using Real-Time Machine Learning Model","2025","International Journal of Advanced Computer Science and Applications","16","5","","388","396","4","10.14569/IJACSA.2025.0160538","https://www.scopus.com/pages/publications/105008408426?origin=resultslist","Department of Information Systems-Faculty of Computers and Artificial Intelligence, Helwan University, Cairo, Egypt","Ghallab H., Department of Information Systems-Faculty of Computers and Artificial Intelligence, Helwan University, Cairo, Egypt; Nasr M., Department of Information Systems-Faculty of Computers and Artificial Intelligence, Helwan University, Cairo, Egypt; Fahmy H., Department of Information Systems-Faculty of Computers and Artificial Intelligence, Helwan University, Cairo, Egypt","Customer churn, the loss of customers to competitors, poses a significant challenge for businesses, particularly in competitive industries such as banking and telecommunications. As a result, several customer churn analysis models have been proposed to identify at-risk customers and enable top managers to implement strategic decisions to mitigate churn and improve customer retention. Although the existing models provide top managers with promising insights for churn prediction, they rely on a batch-based training approach using fixed datasets collected at periodic intervals. While this training approach enables existing models to perform well in relatively stable environments, they, unfortunately, struggle to adapt to dynamic settings, where customer preferences shift rapidly, especially in industries with volatile market conditions, such as banking and telecom. Where, in dynamic environments, data distribution can change significantly over short periods, disabling existing models to maintain efficiency and leading to poor predictive performance, increased misclassification rates, and suboptimal decision-making by top executives, ultimately exacerbating customer churn. To address these limitations, this research proposes RCE, a real-time, continual learning-based, ensemble learning model. RCE integrates an event-driven development approach for real-time churn analysis with a replay-based continual learning mechanism to adapt to evolving customer behaviors without catastrophic forgetting, and RCE implements a stacked ensemble learning for customer churn classification. Unlike existing models, RCE continuously processes streaming data, ensuring adaptability and generalization in fast-changing environments, and providing instantaneous insights that enable decision-makers to respond swiftly to emerging risks, market fluctuations, and customer behavior changes. RCE is evaluated using the Churn Modelling benchmark dataset for European banks, achieving performance with a 95.65% accuracy; however, in dynamic environments, RCE accomplishes an average accuracy (ACC) of 86.75% and an average forgetting rate (FR) of 13.25% across tasks Ti. The results demonstrate that RCE outperforms existing models in predictive accuracy, adaptability, and robustness across multiple tasks, especially in dynamic environments. Finally, this research discusses the proposed model’s limitations and outlines directions for future improvements in real-time customer churn analysis. © (2025), (Science and Information Organization). All Rights Reserved.","continual learning; Customer churn; event-driven development; machine learning; real-time analysis; replay-based approach; stacked ensemble learning","Behavioral research; Customer satisfaction; Electronic commerce; Machine learning; Personnel training; Sales; Telecommunication industry; Continual learning; Customer churns; Ensemble learning; Event-driven; Event-driven development; Machine-learning; Real time analysis; Real- time; Replay-based approach; Stacked ensemble learning; Benchmarking; Decision making; Learning systems","Science and Information Organization","Article","Final","All Open Access; Gold Open Access","Scopus","2-s2.0-105008408426"
"Verma B.; Khandelwal A.; Nepalia P.; Rajput A.; Varshney A.; Salunke K.; Shivhare S.; Bagal V.","Verma, Bhavya (60264927300); Khandelwal, Aryan (57904691700); Nepalia, Pranay (60264915300); Rajput, Aayushi (60264961000); Varshney, Aaditya (60264915400); Salunke, Kiran (57215902759); Shivhare, Sugam (26648961700); Bagal, Vivekanand (56367863400)","60264927300; 57904691700; 60264915300; 60264961000; 60264915400; 57215902759; 26648961700; 56367863400","Revolutionizing financial analytics: the role of artificial intelligence in market prediction, customer retention, and churn modelling","2026","Next Generation Technologies for Sustainable Development","","","","187","195","0","10.1201/9781003716648-25","https://www.scopus.com/pages/publications/105026439522?origin=resultslist","Department of Computer Science, SVKM’s NMIMS, MPSTME, Shirpur, Dist., Maharashtra, Dhule, India; Department of Computer Engineering, SVKM’s NMIMS, MPSTME, Shirpur, Dist., Maharashtra, Dhule, India","Verma B., Department of Computer Science, SVKM’s NMIMS, MPSTME, Shirpur, Dist., Maharashtra, Dhule, India; Khandelwal A., Department of Computer Science, SVKM’s NMIMS, MPSTME, Shirpur, Dist., Maharashtra, Dhule, India; Nepalia P., Department of Computer Science, SVKM’s NMIMS, MPSTME, Shirpur, Dist., Maharashtra, Dhule, India; Rajput A., Department of Computer Science, SVKM’s NMIMS, MPSTME, Shirpur, Dist., Maharashtra, Dhule, India; Varshney A., Department of Computer Engineering, SVKM’s NMIMS, MPSTME, Shirpur, Dist., Maharashtra, Dhule, India; Salunke K., Department of Computer Engineering, SVKM’s NMIMS, MPSTME, Shirpur, Dist., Maharashtra, Dhule, India; Shivhare S., Department of Computer Engineering, SVKM’s NMIMS, MPSTME, Shirpur, Dist., Maharashtra, Dhule, India; Bagal V., Department of Computer Engineering, SVKM’s NMIMS, MPSTME, Shirpur, Dist., Maharashtra, Dhule, India","In today's world, customer relationship management (CRM) analytics, real-time insights and predic-tions are empowered by artificial intelligence (AI) in the financial industry. This research investigates the implications of AI for financial datasets, market prediction, and customer retention at the same time concentrating on chum modelling. Machine leaming prototypes, enabling AI-driven algorithms, can confirm difficult, non-linear patterns in both structured and unstructured financial data to improve cred-it scoring, risk assessment, and algorithmic trading. The use of alternate data sources combined with real-time updates in AI-based tools provides dynamic insights that optimize investment strategies and mitigate risks. The paper further discusses customer churn modelling in banking by examining a data set with 10,000 customers to find the most important predictors of churn. Machine learning models are used to analyze demographic, financial and behavioural factors to create an accurate classification framework. The result intends to bring illegitimate insights into financial institutions, refining customer safeguarding policies and implementing long-term development in an AI-driven monetary ecosystem. © 2026 selection and editorial matter, Sunita R. Patil, Shyam S. Pancholi, Girdhari Lal Gupta, Preeti C. Sangave, individual chapters, the contributors.","Al-driven risk assessment; credit scoring models; customer churn prediction; financial behaviour analysis; machine learning in finance","Behavioral research; Commerce; Customer satisfaction; Forecasting; Investments; Learning systems; Machine learning; Population statistics; Public relations; Sales; Al-driven risk assessment; Behavior analysis; Credit scoring model; Customer churn prediction; Customer retention; Financial behavior analyze; Machine learning in finance; Machine-learning; Market prediction; Risks assessments; Risk assessment","CRC Press","Book chapter","Final","","Scopus","2-s2.0-105026439522"
"Agnihotri A.; Saravanakumar R.","Agnihotri, Anurag (58154660400); Saravanakumar, R. (55587425400)","58154660400; 55587425400","Customer Retention in Banking: Utilizing AI and Machine Learning for Predictive Churn Analysis","2025","Proceedings of 2025 3rd International Conference on Intelligent Systems, Advanced Computing, and Communication, ISACC 2025","","","","140","144","3","10.1109/ISACC65211.2025.10969188","https://www.scopus.com/pages/publications/105005174669?origin=resultslist","College of Vocational Studies, Delhi University, Delhi, India; Saveetha University, Saveetha School of Engineering, Saveetha Institute of Medical and Technical Sciences, Department of ECE, Chennai, India","Agnihotri A., College of Vocational Studies, Delhi University, Delhi, India; Saravanakumar R., Saveetha University, Saveetha School of Engineering, Saveetha Institute of Medical and Technical Sciences, Department of ECE, Chennai, India","Customer retention in the banking sector is a practice by which these organizations have adopted measures in order to ensure the existing clients to continue to maintain accounts with agencies. This is important for banks in particular since customer retention is normally considerably less expensive than customer acquisition. Prior studies have not been very successful in providing satisfactory explanations and means of predicting customer churn Specifically, most analyses, including traditional ML approaches, are inadequate at handling transactional data with rich behavioral patterns and temporal dependencies. This study, however, fills these gaps by adopting a hybrid model, autoencoder model and Long Short-Term Memory (LSTM) model integrated approach. The method uses the autoencoder's ability of transforming high-dimensional input data such as transaction data to a lower-dimensional form, thereby removing noise in the process and preserving useful characteristics. The next LSTM model takes into account chronological patterns examined in customers' behavior, thus making churn predictions even more precise. Worked in python, this model was trained and tested on the data-set containing numerous attributes of the transaction type effective with 99.4% accuracy. The outcomes showed better performances in comparison with conventional approaches, suggesting that DL algorithms could be very beneficial in the frameworks of the predictive analytics for customer retention in the banking industry. © 2025 IEEE.","Autoencoder; Banking; Customer Retention; Deep Learning; Long Short-Term Memory","Prediction models; Sales; Adopted measures; Auto encoders; Banking sectors; Churn analysis; Customer acquisition; Customer retention; Deep learning; Machine-learning; Memory modeling; Short term memory; Deep learning","Institute of Electrical and Electronics Engineers Inc.","Conference paper","Final","","Scopus","2-s2.0-105005174669"
"Kabbar E.; Herath N.","Kabbar, Eltahir (15129034300); Herath, Nuwan (59958652300)","15129034300; 59958652300","Customer Churn Prediction to Enhance Customer Retention Strategies in the Banking Industry: A Study Using Seven Machine Learning Algorithms","2025","IBIMA Business Review","2025","","786386","","","0","10.5171/2025.786386","https://www.scopus.com/pages/publications/105008824946?origin=resultslist","Unitec Institute of Technology – part of Te Pūkenga, Auckland, New Zealand","Kabbar E., Unitec Institute of Technology – part of Te Pūkenga, Auckland, New Zealand; Herath N., Unitec Institute of Technology – part of Te Pūkenga, Auckland, New Zealand","This study explores machine learning approaches to predict customer churn in the banking sector. Following Dietterich’s Machine Learning Problem Research Life Cycle, six key steps were implemented: data gathering, preparation, exploratory data analysis (EDA), model creation, training, evaluation, and hyperparameter tuning. A systematic literature review identified essential machine learning techniques and innovations applied to customer churn prediction since 2014, highlighting Random Forest, Gradient Boosting, and hybrid models as practical approaches. This review also emphasized the value of advanced preprocessing and explainable AI techniques in improving model accuracy and usability. A publicly available dataset of 10,000 entries was used to evaluate seven machine learning algorithms, K-Nearest Neighbors (KNN), Support Vector Machine (SVM), Logistic Regression, Decision Tree, Random Forest, AdaBoost, and Gradient Boosting based on accuracy, precision, recall, F1 score, and ROC-AUC. Among these, the Gradient Boosting Classifier emerged as the most effective model with an accuracy of 85.2% and an ROC-AUC of 0.87, demonstrating robust performance in predicting customer churn. The findings underscore the potential of Gradient Boosting for developing reliable churn prediction systems, aiding banks in devising targeted customer retention strategies. The results of this study can benefit both academic researchers and industry practitioners. Academics can use the findings to explore advanced machine learning applications and develop new churn prediction frameworks. At the same time, practitioners, particularly in banking and related industries, can leverage the Gradient Boosting model to improve customer retention strategies and reduce revenue losses associated with churn. Future research is recommended to validate these results using dynamic datasets. © 2025 IBIMA Publishing. All rights reserved.","banking; churn rate; Gradient Boosting; machine learning","","IBIMA Publishing","Article","Final","All Open Access; Gold Open Access","Scopus","2-s2.0-105008824946"
"Alkilani A.H.; Nusir M.I.","Alkilani, Amjad H. (55263477400); Nusir, Mohammad I. (57222624376)","55263477400; 57222624376","Enhanced Customer Churn Prediction in Banking: A Comparative Analysis of Machine Learning Techniques with Feature Selection and Dimensionality Reduction","2026","International Conference on Artificial Intelligence, Computer, Data Sciences, and Applications, ACDSA 2026","","","","","","0","10.1109/ACDSA67686.2026.11467799","https://www.scopus.com/pages/publications/105037662473?origin=resultslist","Forbes School of Business & Technology, University of Arizona, Global Campus, San Diego, CA, United States; Cbm Integrated Software Inc, San Diego, CA, United States","Alkilani A.H., Forbes School of Business & Technology, University of Arizona, Global Campus, San Diego, CA, United States; Nusir M.I., Cbm Integrated Software Inc, San Diego, CA, United States","Customer churn is a persisting business problem for companies seeking competitive edge through effective customer retention. In this work, we propose an end-to-end prediction framework combining the latest machine learning algorithms with effective data preprocessing, feature selection, and dimensionality reduction. Leveraging the UCI bank-additional database, we vectorize categorical attributes, perform ANOVA F-test feature selection and use Principal Component Analysis (PCA) and Truncated Singular Value Decomposition (SVD) for improved data representation. In handling inherent class imbalance, we use SMOTE oversampling and class weighting techniques for effective performance on balanced sets for all business segments. Random Forest (RF), XGBoost (XGB), and Support Vector Machine (SVM) classifiers were used and compared. The novelty of this research lies in rigorous integration of several dimensionality reduction schemes and sophisticated class imbalance handling in a hybrid preprocessing pipe enabled by the system. Experimental comparisons reveal the best performance was obtained by XGBoost at 91.18% accuracy and 0.9406 AUC-ROC value while at 91.10% accuracy and 89.60% cross-validation mean score for SVM. The system also accommodates a proprietary graphical user interface for real-time visulization by confusion matrices, ROC curve plots and feature importance plots for improved interpretability and strategic decision support for effective churn prevention. © 2026 IEEE.","Customer churn; Principal Component Analysis; Random Forest; Truncated Singular Value Decomposition; XGBoost","Classification (of information); Customer satisfaction; Decision support systems; Dimensionality reduction; Feature extraction; Graphical user interfaces; Learning algorithms; Learning systems; Reduction; Sales; Singular value decomposition; Class imbalance; Comparative analyzes; Customer churn prediction; Customer churns; Dimensionality reduction; Features selection; Principal-component analysis; Random forests; Truncated singular value decomposition; Xgboost; Principal component analysis","Institute of Electrical and Electronics Engineers Inc.","Conference paper","Final","","Scopus","2-s2.0-105037662473"
"Fazulu K.; Subramanian E.K.","Fazulu, K. (59705322700); Subramanian, E.K. (57209473663)","59705322700; 57209473663","Performance Analysis of ResNet 50 for Accurate Prediction and Classification of Customer Churn Compared Over Convolution Neural Network","2025","AIP Conference Proceedings","3252","1","020048","","","0","10.1063/5.0259045","https://www.scopus.com/pages/publications/105000733213?origin=resultslist","Department of Computer Science and Engineering, Saveetha School of Engineering, Saveetha Institute of Medical and Technical Sciences, Saveetha University, Tamil nadu, Chennai, 602105, India","Fazulu K., Department of Computer Science and Engineering, Saveetha School of Engineering, Saveetha Institute of Medical and Technical Sciences, Saveetha University, Tamil nadu, Chennai, 602105, India; Subramanian E.K., Department of Computer Science and Engineering, Saveetha School of Engineering, Saveetha Institute of Medical and Technical Sciences, Saveetha University, Tamil nadu, Chennai, 602105, India","The major purpose of this work is to improve the accuracy of customer churn prediction and classification using Resnet 50 compared to CNN. Materials and Methods: We use CNN and ResNet50 with different training and testing splits to predict and classify client attrition. In Group 1, we have a Novel Resnet 50 with a Gpower of around 85% (g power setup parameters: =0.05 and power=0.85). Gpower for Group 2's CNN is approximately 85% (power=0.85 and g power setting parameters: =0.05). Result: Outperforming CNN (95.4130%), ResNet50 (96.4020%) shows statistically negligible variance with significance values of p=0.480 (p>0.05). ResNet50 has more accuracy as compared to CNN. © 2025 Author(s)","Banking; Convolution Neural Network; Customer churn; Machine Learning; Prediction; ResNet50","","American Institute of Physics","Conference paper","Final","","Scopus","2-s2.0-105000733213"
"Geetha S.; Arunesh S.S.; Balahariharan S.; Thangaraj R.; Deepa B.; Sowmiya M.","Geetha, S. (59174459600); Arunesh, S.S. (60555152900); Balahariharan, S. (60555386600); Thangaraj, Rajasekaran (57220032291); Deepa, B. (57215900702); Sowmiya, M. (58093236000)","59174459600; 60555152900; 60555386600; 57220032291; 57215900702; 58093236000","Prediction of Bank Customer Churn for Retention Strategies Using Machine Learning","2025","2025 17th IEEE International Conference on Computational Intelligence and Communication Networks, CICN 2025","","","","617","622","0","10.1109/CICN67655.2025.11368288","https://www.scopus.com/pages/publications/105034670481?origin=resultslist","Nandha Engineering College, Department of Computer Science and Engineering, Erode, India","Geetha S., Nandha Engineering College, Department of Computer Science and Engineering, Erode, India; Arunesh S.S., Nandha Engineering College, Department of Computer Science and Engineering, Erode, India; Balahariharan S., Nandha Engineering College, Department of Computer Science and Engineering, Erode, India; Thangaraj R., Nandha Engineering College, Department of Computer Science and Engineering, Erode, India; Deepa B., Nandha Engineering College, Department of Computer Science and Engineering, Erode, India; Sowmiya M., Nandha Engineering College, Department of Computer Science and Engineering, Erode, India","Customer churn poses a vital challenge to banks, having direct consequences on profitability and sustainable growth. This research proposes a hybrid machine learning model that combines the capabilities of KNN and LR to predict whether or not a bank customer would churn. A customer data set that included variables like credit score, tenure, account balance, and activity status was examined in order to find behavioral patterns linked to turnover. The hybrid method combines the interpretability of LR with neighborhood based decision strength of KNN and yields enhanced performance compared to using either algorithm individually. Experimental outcomes indicate that the suggested hybrid model is more accurate, precise, and recalls with higher performance, qualifying it as a better tool for early churn prediction. This research work illustrates how integrating various classification methods can provide viable solutions to improve customer retention and better inform decision-making in banking organizations. © 2025 IEEE.","accuracy metrics; bank customer attrition; banking analytics; Churn prediction; predictive modelling; retention tactics","Banking; Behavioral research; Computation theory; Customer satisfaction; Data mining; Decision making; Learning systems; Machine learning; Prediction models; Predictive analytics; Accuracy metric; Bank customer attrition; Banking analytic; Churn predictions; Customer churns; Machine-learning; Performance; Predictive models; Retention strategies; Retention tactic; Sales","Institute of Electrical and Electronics Engineers Inc.","Conference paper","Final","","Scopus","2-s2.0-105034670481"
"Parikh V.; Savla P.; Valaki J.; Vadher V.","Parikh, Vishal (57195484767); Savla, Priyanshu (60541163400); Valaki, Jay (60540475000); Vadher, Vatsal (60541163500)","57195484767; 60541163400; 60540475000; 60541163500","Bank Customer Churn Prediction using Machine Learning","2025","16th International Conference on Advances in Computing, Control, and Telecommunication Technologies, ACT 2025","1","","","4646","4652","0","","https://www.scopus.com/pages/publications/105034073444?origin=resultslist","Computer Science and Engineering Department, Nirma University, Ahmedabad, India","Parikh V., Computer Science and Engineering Department, Nirma University, Ahmedabad, India; Savla P., Computer Science and Engineering Department, Nirma University, Ahmedabad, India; Valaki J., Computer Science and Engineering Department, Nirma University, Ahmedabad, India; Vadher V., Computer Science and Engineering Department, Nirma University, Ahmedabad, India","The banking sector constantly changes, and the growing customer churn problem forces banks to implement proactive customer retention measures. [1] To predict and lessen the impact of bank customer churn, this term paper conducts a thorough investigation into the application of various machine learning models, such as logistic regression, support vector machines (SVM), decision trees, neural networks, k-nearest neighbours (KNN), and Bayesian classification. Through thorough testing and comparative research,we examine the effectiveness of every model, revealing its unique advantages and disadvantages. Our research reveals the most effective methodology, offering a solid and sophisticated response to the financial industry's critical problem of client attrition. This study also highlights how early detection of possible churners enables banks to create retention strategies proactively. Institutions may detect clients who are about to leave by using sophisticated analytics, which enables the tactical execution of individualized retention programs. In addition to addressing the rising issue of customer turnover, this proactive strategy gives financial institutions insightful information that they can use to build enduring client relationships ina highly competitive market. © Grenze Scientific Society, 2025.","Bank Customer Churn; Churn Forecasting; Customer Attrition; Predictive Modeling; Stratified Sampling","Banking; Bayesian networks; Classification (of information); Competition; Customer satisfaction; Decision trees; Forecasting; Learning systems; Logistic regression; Nearest neighbor search; Statistical tests; Support vector regression; Bank customer churn; Banking sectors; Churn forecasting; Customer attrition; Customer churn prediction; Customer churns; Customer retention; Machine-learning; Predictive models; Stratified sampling; Sales","Grenze Scientific Society","Conference paper","Final","","Scopus","2-s2.0-105034073444"
"Das M.; Pal P.; Srivastava G.","Das, Meghali (58893769400); Pal, Purnima (57205427359); Srivastava, Garima (60092646300)","58893769400; 57205427359; 60092646300","Customer Churn Prediction Using Machine Learning","2025","Artificial Intelligence, Machine Learning and IoT for Smart Business Management","","","","197","215","0","10.1201/9781003561873-11","https://www.scopus.com/pages/publications/105020118391?origin=resultslist","Noida Institute of Engineering and Technology, India; Mangalmay Institute of Engineering and Technology, India","Das M., Noida Institute of Engineering and Technology, India; Pal P., Noida Institute of Engineering and Technology, India; Srivastava G., Mangalmay Institute of Engineering and Technology, India","The explosive growth of the economy in various industries is resulting in a high number of paid subscribers for service companies. The banking industry creates massive amounts of information every single day from an immense number of customers. Acquiring fresh clients is more expensive than retaining existing ones. Business executives and statisticians investigate the reasons why customers discontinue subscriptions and examine the activities of those who churn data from clients. If a banking enterprise can identify consumers who are most likely to depart, it is far simpler to make proactive efforts to retain them. Knowing which consumers are likely to swap services is advantageous for banks shortly. This system employs categorization techniques to identify and gather factors for customer exit subscriptions in the banking business. The primary aim is to examine different machine learning (ML) algorithms to forecast client churn and help financial institutions discover the reasons behind it, providing retention tactics and plans. This research shows in what way ML designs like k-nearest neighbors (KNN), support vector machines (SVM), and random forest (RF) may predict which clients are most likely to quit a bank based on factors including geography, gender, age, credit card details, and the amount of balance in their bank account. The chapter also provides information such as the number of times a customer has complained about any issue, the satisfactory score based on the resolution provided, etc. It provides a successful company approach that examines churn among consumer data and provides precise forecasts of turnover customers, enabling managers to act during the churning timeframe to prevent both churn and economic loss. © 2026 selection and editorial matter, Garima Jain, Ankush Jain, Veena Grover, Balamurugan Balusamy, Praveen Tomar; individual chapters, the contributors.","","Banking; Forecasting; Learning algorithms; Learning systems; Losses; Nearest neighbor search; Sales; Service industry; Amount of information; Banking industry; Business executives; Customer churn prediction; Explosive growth; Machine learning algorithms; Machine-learning; Most likely; Service companies; Simple++; Support vector machines","CRC Press","Book chapter","Final","","Scopus","2-s2.0-105020118391"
"Gajula S.","Gajula, Sreenivasulu (60411304400)","60411304400","Intelligent Customer Churn Analytics in Digital Banking Using Advanced Machine Learning Models","2025","2025 1st International Conference on Emerging Trends in Information Systems and Informatics, ICETISI 2025","","","","","","0","10.1109/ICETISI67983.2025.11406030","https://www.scopus.com/pages/publications/105036576091?origin=resultslist","","","Predicting customer churn has turned into a key topic of research in digital banking as banks want to keep their customers and make a profit in a very competitive market. Nevertheless, ongoing researches mainly depend on traditional machine learning or deep learning models that face difficulties due to imbalanced datasets, redundant features, and high computational costs, thus restricting their use in practical scenarios. The difficulties of churn prediction challenge the study which in turn suggests a solid ensemble-based churn prediction framework by combining SMOTEENN hybrid sampling with the latest tree-based algorithms such as Extreme Gradient Boosting (XGBoost), Light Gradient Boosting Machine (LightGBM), and Grade Boosting (GB). A churn modeling dataset that is publicly available containing 10,000 customer records was used and it covers demographic, financial, as well as behavioral attributes. Classes were balanced using SMOTEENN to reduce majority-class bias in the prepossessing pipeline, which also included stages to address missing data, remove duplicates, normalize, feature-select, and perform one-hot encoding. Several measures were used to assess the model, including recall, accuracy, precision, F1-score, and AUC-ROC. The experimental outcomes showed that XGBoost hit the highest accuracy of 94.88%, while LightGBM and Gradient Boosting lined up next with accuracies of 94.68% and 92.30%, respectively. Established classifying methods and modern Voting, ensemble, deep learning, and transformer-based approaches were all surpassed in the aspects of performance as well as computational efficiency. The results demonstrate that the proposed ensemble learning architecture offers a scalable, interpretable, and highly effective solution for churn prediction in the digital banking industry. Thus, the paper presents a customer churn detection model that is methodologically comprehensive and practically applicable, which in turn, helps to support data-driven retention strategies and strategic decision-making in the financial sector. © 2025 IEEE.","Customer Churn Prediction; Digital Banking; Finance; Machine Learning; SMOTEENN","Adaptive boosting; Advanced Analytics; Banking; Behavioral research; Data mining; Decision making; Deep learning; E-learning; Electronic commerce; Forecasting; Learning systems; Sales; Churn predictions; Customer churn prediction; Customer churns; Digital banking; Gradient boosting; Key topics; Light gradients; Machine learning models; Machine-learning; SMOTEENN; Computational efficiency","Institute of Electrical and Electronics Engineers Inc.","Conference paper","Final","","Scopus","2-s2.0-105036576091"
"Cárdenas M.; Aguilar L.; Cevallos F.; Rivera E.F.","Cárdenas, Michell (60624694800); Aguilar, Lissette (60625637000); Cevallos, Fausto (60624329100); Rivera, E. Fabián (57220525223)","60624694800; 60625637000; 60624329100; 57220525223","Multi-criteria Comparison of Supervised Models for Bank Customer Churn Prediction: A Performance, Efficiency, and Explainability-Based Approach","2026","Lecture Notes in Networks and Systems","1881 LNNS","","","377","388","0","10.1007/978-3-032-20729-6_28","https://www.scopus.com/pages/publications/105038392709?origin=resultslist","FaCAGEI, Universidad Estatal de Bolívar, Guaranda, 020102, Ecuador","Cárdenas M., FaCAGEI, Universidad Estatal de Bolívar, Guaranda, 020102, Ecuador; Aguilar L., FaCAGEI, Universidad Estatal de Bolívar, Guaranda, 020102, Ecuador; Cevallos F., FaCAGEI, Universidad Estatal de Bolívar, Guaranda, 020102, Ecuador; Rivera E.F., FaCAGEI, Universidad Estatal de Bolívar, Guaranda, 020102, Ecuador","Customer churn in the banking sector represents a critical challenge due to intense market competition and the high costs associated with customer loss. This article presents a multi-criteria comparison of four advanced supervised models: Neural Network, XGBoost, LightGBM, and CatBoost, which were applied to the churn prediction problem using real banking datasets. The evaluation focuses on three fundamental dimensions: predictive performance, computational efficiency, and model explainability. In terms of predictive performance, standard metrics such as Accuracy, Precision, Recall, and F1-Score were used, along with ROC and Precision-Recall curves. The results showed that CatBoost achieved the highest overall performance with an Accuracy of 0.868 and an F1-score of 0.596, followed by LightGBM and XGBoost, slightly outperforming the neural network in recall and overall balance. Regarding efficiency, LightGBM stood out for its fast training and prediction speed, while CatBoost demonstrated strong stability without the need for manual encoding of categorical variables. For interpretability, Shapley Additive exPlanations (SHAP) techniques were applied to analyze the contribution of key variables, which is essential in regulated banking contexts. The combination of results identified CatBoost as the model with the best balance between precision, efficiency, and explainability. Therefore, the multi-criteria comparative approach provides a robust basis for selecting predictive models in the financial industry, maximizing customer retention, and optimizing strategic decision-making. © The Author(s), under exclusive license to Springer Nature Switzerland AG 2026.","banking analytics; Customer Churn; machine learning; model explainability; supervised learning","Banking; Competition; Computational efficiency; Customer satisfaction; Decision making; Forecasting; Learning systems; Neural networks; Optimization; Prediction models; Sales; Banking analytic; Customer churn prediction; Customer churns; F1 scores; Machine-learning; Model explainability; Multi-criteria; Multi-Criterion; Neural-networks; Predictive performance; Supervised learning","Springer Science and Business Media Deutschland GmbH","Conference paper","Final","","Scopus","2-s2.0-105038392709"
"Moorthy P.T.; Franklin J.V.; Manju Bashini S.","Moorthy, P.Thiru (60559964500); Franklin, J.Vijay (60503243000); Manju Bashini, S. (60559816000)","60559964500; 60503243000; 60559816000","Customer Churn Prediction","2025","Proceedings of 5th International Conference on Ubiquitous Computing and Intelligent Information Systems, ICUIS 2025","","","","822","826","0","10.1109/ICUIS67429.2025.11380622","https://www.scopus.com/pages/publications/105034905695?origin=resultslist","Erode Sengunthar Engineering College, Department of Computer Science and Engineering, Tamil Nadu, Erode, India","Moorthy P.T., Erode Sengunthar Engineering College, Department of Computer Science and Engineering, Tamil Nadu, Erode, India; Franklin J.V., Erode Sengunthar Engineering College, Department of Computer Science and Engineering, Tamil Nadu, Erode, India; Manju Bashini S., Erode Sengunthar Engineering College, Department of Computer Science and Engineering, Tamil Nadu, Erode, India","Customer churn is a significant issue for financial institutions because it is cheaper to retain existing customers than to acquire brand new customers. This study presents a machine learning approach for customer churn prediction by leveraging structured and unstructured datasets. The dataset comprises data from 500 customers with 19 demographic, behavioral, and feedback-related features. A full pre-processing pipeline was implemented to handle missing values, encode categorical variables, scale numerical variables, and produce a TF-IDF and sentiment analysis of customer feedback. A variety of classifying algorithms were trained to assess predictive power including Logistic Regression, Random Forest, XGBoost, and Support Vector Machine and measured through accuracy, AUC, and confusion matrix metrics. Of all the classifying models, the XGBoost model produced the highest predictive performance. The trained model will be leveraged as an interactive Streamlit application, where users will acquire both single and bulk predictions of customer churn probability as visualization of feature importance and action guidance to mitigate churn. The proposed system has validated that sentiments from free texts can be iterated into structured models to improve overall accuracy of churn classification mechanism, but also enhance mitigating retention strategies for banking institutions proactively.  © 2025 IEEE.","Customer Churn; Customer Retention; Machine Learning","Customer satisfaction; Data mining; Feedback; Learning systems; Logistic regression; Population statistics; Random forests; Sales; Support vector regression; Categorical variables; Customer churn prediction; Customer churns; Customer retention; Financial institution; Machine learning approaches; Machine-learning; Missing values; Numerical variables; Pre-processing; Forecasting","Institute of Electrical and Electronics Engineers Inc.","Conference paper","Final","","Scopus","2-s2.0-105034905695"
"Setiana E.; Alamsyah N.; Hendra A.; Danestiara V.R.; Budiman; Nursyanti R.","Setiana, Elia (58850320300); Alamsyah, Nur (57209454458); Hendra, Acep (59378258000); Danestiara, Venia Restreva (58850557500); Budiman (57217907317); Nursyanti, Reni (59707311700)","58850320300; 57209454458; 59378258000; 58850557500; 57217907317; 59707311700","Improving Churn Prediction in Banking: Hyperparameter Optimization of MLP with SHAP and Permutation Feature Importance","2025","2025 10th International Conference on Informatics and Computing, ICIC 2025","","","","","","0","10.1109/ICIC68054.2025.11309692","https://www.scopus.com/pages/publications/105032067977?origin=resultslist","Unibi, Faculty of Technology and Informatics, Bandung, Indonesia","Setiana E., Unibi, Faculty of Technology and Informatics, Bandung, Indonesia; Alamsyah N., Unibi, Faculty of Technology and Informatics, Bandung, Indonesia; Hendra A., Unibi, Faculty of Technology and Informatics, Bandung, Indonesia; Danestiara V.R., Unibi, Faculty of Technology and Informatics, Bandung, Indonesia; Budiman, Unibi, Faculty of Technology and Informatics, Bandung, Indonesia; Nursyanti R., Unibi, Faculty of Technology and Informatics, Bandung, Indonesia","In the competitive banking industry, accurately predicting customer churn is essential for developing effective retention strategies. This study proposes a hyperparameter-optimized deep learning approach using a Multi-Layer Per-ceptron (MLP) model. The model is trained and evaluated on a publicly available bank churn dataset comprising 10,000 customer records, with a balanced representation of churn and non-churn instances. To enhance interpretability, feature impor- tance is analyzed using both permutation-based methods and game-theoretic explainability techniques. Comparative analysis is conducted against classical machine learning models such as Random Forest, Support Vector Machine, and Gradient Boosting Machine. The optimized model achieves a validation accuracy of 86.65%, demonstrating its potential for practi- cal implementation in customer relationship management. In addition to accuracy, this study highlights the importance of transparent decision-making by identifying the key drivers of churn through feature importance analysis. The inclusion of hyperparameter optimization not only improves model performance but also ensures better generalization across different data distributions. These findings offer valuable insights for financial institutions aiming to integrate data-driven approaches in personalized customer retention programs.  © 2025 IEEE.","Churn Prediction; Deep Learning; Feature Importance; Hyperparameter Optimization; Multi-Layer Per-ceptron (MLP)","Banking; Customer satisfaction; Decision making; Forecasting; Game theory; Learning systems; Public relations; Sales; Support vector machines; Banking industry; Churn predictions; Customer churns; Deep learning; Feature importance; Hyper-parameter; Hyper-parameter optimizations; Multi-layer per-ceptra; Multi-layers; Retention strategies; Deep learning","Institute of Electrical and Electronics Engineers Inc.","Conference paper","Final","","Scopus","2-s2.0-105032067977"
"Pravin A.; Bizotto B.L.S.; Sathiyanarayanan M.; Prem Jacob T.","Pravin, A. (55603533000); Bizotto, Beatriz Lucia Salvador (48361034900); Sathiyanarayanan, Mithileysh (55613534100); Prem Jacob, T. (55834341000)","55603533000; 48361034900; 55613534100; 55834341000","Enhanced Framework to Predict Customer Churn using Machine Learning","2025","Proceedings of 8th International Conference on Inventive Computation Technologies, ICICT 2025","","","","8","12","1","10.1109/ICICT64420.2025.11005219","https://www.scopus.com/pages/publications/105007441955?origin=resultslist","Department of Computer Science and Engineering, Sathyabama Institute of Science and Technology, Chennai, India; Department of Social and Applied Sciences, University Center Unifacvest Lages, Brazil; MIT Square, London, United Kingdom","Pravin A., Department of Computer Science and Engineering, Sathyabama Institute of Science and Technology, Chennai, India; Bizotto B.L.S., Department of Social and Applied Sciences, University Center Unifacvest Lages, Brazil; Sathiyanarayanan M., MIT Square, London, United Kingdom; Prem Jacob T., Department of Computer Science and Engineering, Sathyabama Institute of Science and Technology, Chennai, India","The leading challenge for most businesses is customer churn; it is very hard for every business organization to maintain their customers. If customers are not satisfied with the service provided by an organization, they will switch to another organization that better meets their needs. In terms of churn prediction (CP), many research work was proposed by researchers, who have used machine learning (ML) algorithms for prediction. In Telecommunication sector, due to switchover of the customer to other organization, the service provider will face a huge loss. Churn prediction in any type of business to preserve their customers by meeting all the expectations of the customer. A framework has been designed for estimating the customer exit within the banking industry by applying Machine Learning Algorithms. H2O AutoML is used to predict the churn from the banking data. By leveraging H2O AutoML, we employed different kinds of machine learning approaches, Like Stacked Ensemble, Gradient Boosting Machines (GBM), along with Deep Learning approaches. Results demonstrate that the suggested framework attained higher predictive accuracy, surpassing the performance of individual models in metrics like RMSE, MAE, and overall accuracy rates. It will help the banking sector to retain their customers. © 2025 IEEE.","Banking; Churn Prediction; Customer Preservation Machine Learning","Sales; Banking industry; Business organizations; Churn predictions; Customer churns; Customer preservation machine learning; Machine learning algorithms; Machine-learning; Service provider; Switchover; Telecommunication sector; Telecommunication industry","Institute of Electrical and Electronics Engineers Inc.","Conference paper","Final","","Scopus","2-s2.0-105007441955"
"Gurusamy U.M.; Anantharaman M.; Selvamani R.P.; Vijayarajan S.","Gurusamy, Uma Maheswari (57199165617); Anantharaman, Meenakshi (60207449800); Selvamani, Ram Prasath (60568947200); Vijayarajan, Sangeetha (59944389500)","57199165617; 60207449800; 60568947200; 59944389500","A Customer Lifetime Value-aware Framework for Strategic Churn Prediction Using Deep Learning; [Методология прогнозирования стратегического оттока клиентов с учётом их пожизненной ценности на основе глубокого обучения]","2026","Advanced Engineering Research (Rostov-on-Don)","26","1","2211","","","0","10.23947/2687-1653-2026-26-1-2211","https://www.scopus.com/pages/publications/105035148675?origin=resultslist","Kamaraj College of Engineering and Technology, Tamil Nadu, Virudhunagar, India; SRM Easwari Engineering College, Ramapuram, Chennai, India","Gurusamy U.M., Kamaraj College of Engineering and Technology, Tamil Nadu, Virudhunagar, India; Anantharaman M., Kamaraj College of Engineering and Technology, Tamil Nadu, Virudhunagar, India; Selvamani R.P., Kamaraj College of Engineering and Technology, Tamil Nadu, Virudhunagar, India; Vijayarajan S., SRM Easwari Engineering College, Ramapuram, Chennai, India","Introduction. Customer churn prediction represents a challenge in the current era of rapid digital transformation, hyper-competition, and data-driven marketing. In sectors such as telecommunications and banking, even marginal reductions in churn translate to significant revenue protection. Numerous companies employ uniform approaches, leading to the inefficient allocation of marketing resources and loss of loyal customers. Recent research has advanced along two largely separate domains. The first focuses on improving predictive accuracy through machine learning and deep learning techniques. Another stream, rooted in marketing science, emphasizes the economic dimension of churn, introducing Customer Lifetime Value (CLV) as a key metric. Existing solutions either maximize accuracy at high computational cost or discuss value-based strategy without providing a technical, implementable system. To bridge this gap, this paper aims to create, test, and present a comprehensive churn control system integrating customer lifetime value framework (CVLV). To achieve this, the following tasks are addressed: segmenting customers based on dynamic CLV and churn risk scores; evaluating the efficiency of various neural network configurations; and building a decision model that assigns optimal deep learning architectures for targeted retention, seamlessly integrating data analytics with corporate strategy. Materials and Methods. The study was performed on two datasets: IBM Telco Customer Churn (7,043 customers, 21 features, binary churn) and Santander Customer Transaction Prediction (200,000 records, 200 numerical features, binary target variable). The data were preprocessed to address class imbalance and split 70-15-15 (train-validation-test) using 5-fold cross-validation. ANN (3–6 layers) and RNN/LSTM models were compared within the CVLV framework. The training utilized Adam optimizer, L2 regularization, dropout, early stopping, gradient clipping, and uniform batch size and epoch settings. The performance was evaluated based on accuracy, loss, and the Pareto frontier. Subsequently, customers were segmented by CLV/risk level, and retention strategies were assigned to the respective optimal models. Results. The comprehensive assessment of artificial neural networks (ANN) and recurrent neural networks (RNN) shows that RNN with 2 layers achieved marginally higher accuracy of 0.90, while the 3-layer ANN produced the best robustness with a loss of 0.25 with relatively similar predictive performance. With the CVLV framework, RNN 2L is assigned for high value, high risk relationships that need the most precision, ANN 3L is assigned for stable, high value relationships, and general RNN for low value customers. Discussion. This work has shown that the CVLV framework strategically optimizes churn prediction by aligning deep learning models with customer value-risk profiles. The data obtained confirm that ANN 3L provides optimal robustness while RNN 2L achieves superior accuracy for temporal patterns, together enabling more efficient and targeted retention interventions across industries. This approach can be deployed across the telecommunications, banking and retail sectors and facilitate a meaningful connection between technical model performance and strategic decision-making, enabling organizations to deploy retention efforts effectively by aligning model capability with the customer's value and probability of churn. The findings indicates that strategic model assignments based on CLV-risk profiles led to improved efficiencies associated with retention without compromising predictive reliability. Conclusion. The main results are that the ANN 3L model provides the optimal balance of accuracy (0.875) and robustness (loss: 0.25) for churn prediction, while the RNN 2L achieves peak accuracy (0.90) for high-risk segments. The practical significance lies in the proposed CVLV framework, which enables businesses to strategically align deep learning model selection with customer lifetime value, improving retention efficiency. Further research will focus on integrating real-time CLV updates and validating the framework across additional industry domains. © Uma Maheswari Gurusamy, Meenakshi Anantharaman, Ram Prasath Selvamani, Sangeetha Vijayarajan, 2026.","accuracy; ANN; churn prediction; Customer Lifetime Value-aware; loss; optimum model; RNN","","Don State Technical University","Article","Final","All Open Access; Gold Open Access","Scopus","2-s2.0-105035148675"
"Al-Quraishi T.; Albahri O.; Albahri A.; Alamoodi A.; Sharaf I.M.","Al-Quraishi, Tahsien (57196035672); Albahri, Osamah (57201013684); Albahri, Ahmed (57201009814); Alamoodi, Abdullah (57205435311); Sharaf, Iman Mohammed (17435789800)","57196035672; 57201013684; 57201009814; 57205435311; 17435789800","Bridging Predictive Insights and Retention Strategies: The Role of Account Balance in Banking Churn Prediction","2025","AI (Switzerland)","6","4","73","","","7","10.3390/ai6040073","https://www.scopus.com/pages/publications/105003442027?origin=resultslist","Victorian Institute of Technology (VIT), School of IT, Melbourne, 3000, VIC, Australia; Computer Techniques Engineering Department, Mazaya University College, Nasiriyah, 64001, Iraq; Technical Engineering College, Imam Ja’afar Al-Sadiq University, Baghdad, 10001, Iraq; Businesses Informatics College, University of Information Technology and Communications (UOITC), Baghdad, 10001, Iraq; GUST Engineering and Applied Innovation Research Center (GEAR), Gulf University for Science and Technology, Mishref, 32093, Kuwait; Applied Science Research Center, Applied Science Private University, Amman, 11931, Jordan; Department of Basic Sciences, Higher Technology Institute, Tenth of Ramadan City, 44629, Egypt","Al-Quraishi T., Victorian Institute of Technology (VIT), School of IT, Melbourne, 3000, VIC, Australia; Albahri O., Victorian Institute of Technology (VIT), School of IT, Melbourne, 3000, VIC, Australia, Computer Techniques Engineering Department, Mazaya University College, Nasiriyah, 64001, Iraq; Albahri A., Technical Engineering College, Imam Ja’afar Al-Sadiq University, Baghdad, 10001, Iraq, Businesses Informatics College, University of Information Technology and Communications (UOITC), Baghdad, 10001, Iraq; Alamoodi A., GUST Engineering and Applied Innovation Research Center (GEAR), Gulf University for Science and Technology, Mishref, 32093, Kuwait, Applied Science Research Center, Applied Science Private University, Amman, 11931, Jordan; Sharaf I.M., Department of Basic Sciences, Higher Technology Institute, Tenth of Ramadan City, 44629, Egypt","The banking industry faces significant challenges, from high customer churn rates to threatening long-term revenue generation. Traditionally, churn models assess service quality using customer satisfaction metrics; however, these subjective variables often yield low predictive accuracy. This study examines the relationship between customer attrition and account balance using decision trees (DT), random forests (RF), and gradient-boosting machines (GBM). This research utilises a customer churn dataset and applies synthetic oversampling to balance class distribution during the preprocessing of financial variables. Account balance service is the primary factor in predicting customer churn, as it yields more accurate predictions compared to traditional subjective assessment methods. The tested model set achieved its highest predictive performance by applying boosting methods. The evaluation of research data highlights the critical role of financial indicators in shaping effective customer retention strategies. By leveraging machine learning intelligence, banks can make more informed decisions, attract new clients, and mitigate churn risk, ultimately enhancing long-term financial results. © 2025 by the authors.","account balance analysis; banking analytics; customer churn prediction; customer retention strategies; machine learning models; predictive analytics","","Multidisciplinary Digital Publishing Institute (MDPI)","Article","Final","All Open Access; Gold Open Access; Green Open Access","Scopus","2-s2.0-105003442027"
"Rakshitha V.; Reddy R.S.; Reddy A.T.; Keerthi S.S.","Rakshitha, V. (59985006400); Reddy, Ranesh S. (60559926900); Reddy, Abhiram T. (60560367500); Keerthi, Swarna S. (58773595400)","59985006400; 60559926900; 60560367500; 58773595400","Anticipating Customer Churn Prediction using Machine Learning","2025","16th International Conference on Advances in Computing, Control, and Telecommunication Technologies, ACT 2025","2","","","10340","10346","0","","https://www.scopus.com/pages/publications/105034881411?origin=resultslist","Institute of Aeronautical Engineering, Hyderabad, India","Rakshitha V., Institute of Aeronautical Engineering, Hyderabad, India; Reddy R.S., Institute of Aeronautical Engineering, Hyderabad, India; Reddy A.T., Institute of Aeronautical Engineering, Hyderabad, India; Keerthi S.S., Institute of Aeronautical Engineering, Hyderabad, India","Customer churn, the gradual decline in customer retention, is a significant concern in the business and financial sectors. Identifying customers likely to leave allows companies to take proactive measures to retain them. This article explores how machine learning algorithms; can predict which banking customers are at risk of switching to another institution. In the customer churn prediction model, the decision tree and KNN algorithms achieved the highest accuracy of 99.95%, followed by logistic regression at 99.55%. These results highlight the effectiveness of machine learning models in predicting churn with high precision. © Grenze Scientific Society, 2025.","Churn; machine learning","Customer satisfaction; Decision trees; Forecasting; Learning algorithms; Logistic regression; Machine learning; Prediction models; Sales; Banking customers; Business sector; Churn; Customer churn prediction; Customer churns; Customer retention; Financial sectors; Machine learning algorithms; Machine-learning; Proactive measures; Learning systems","Grenze Scientific Society","Conference paper","Final","","Scopus","2-s2.0-105034881411"
"Datta S.;  Ghosh C.;  Saha P.;  Sadhukhan S.;  Nandy P.","Datta, Shrayasi (57190866042);  Ghosh, Chinmoy (57219304489);  Saha, Piyali (60219499800);  Sadhukhan, Shankhasree (60219499900);  Nandy, Piyasa (60219533400)","57190866042; 57219304489; 60219499800; 60219499900; 60219533400","Predicting Customer Churn in Banking Sector Using Machine Learning Classification Algorithms","2026","Lecture Notes in Networks and Systems","1455 LNNS","","","59","75","0","10.1007/978-981-96-7742-9_5","https://www.scopus.com/pages/publications/105023498373?origin=resultslist","Department of Information Technology, Jalpaiguri Government Engineering College, West Bengal, Jalpaiguri, India; Department of Computer Science and Engineering, Jalpaiguri Government Engineering College, West Bengal, Jalpaiguri, India","Datta S., Department of Information Technology, Jalpaiguri Government Engineering College, West Bengal, Jalpaiguri, India;  Ghosh C., Department of Computer Science and Engineering, Jalpaiguri Government Engineering College, West Bengal, Jalpaiguri, India;  Saha P., Department of Information Technology, Jalpaiguri Government Engineering College, West Bengal, Jalpaiguri, India;  Sadhukhan S., Department of Information Technology, Jalpaiguri Government Engineering College, West Bengal, Jalpaiguri, India;  Nandy P., Department of Information Technology, Jalpaiguri Government Engineering College, West Bengal, Jalpaiguri, India","Machine Learning (ML) serves a crucial role in e-commerce datasets by providing valuable insights and predictive capabilities. This paper explores the realms of customer behavior prediction by employing machine learning techniques on e-commerce datasets focusing on Bank customer churn. The objective is to understand and predict why customers might leave a bank. In this paper, three Filter Feature selection algorithms namely Chi-Square, Information Gain, and Univariate Feature Selection in conjunction with classification algorithms such as Decision Tree (DT), Support Vector Machines (SVM), Random Forest, K-Nearest Neighbors (k-NN), Multilayer Perceptron (MLP), Logistic Regression, and Gaussian Naïve Bayes have been used. To determine the most effective and precise method to predict customer churn, the performance of these algorithms is also being assessed against a variety of performance metrics both with and without the feature selection methods. According to the research, Random Forest exhibits the highest accuracy of 99.91% for predicting customer attrition, and when the Chi-square feature selection method is used, it performs somewhat better with an accuracy of 99.95%. © The Author(s), under exclusive license to Springer Nature Singapore Pte Ltd. 2026.","Bank customer churn; Classification; Information gain; Machine learning; Univariate feature selection","Barium compounds; Decision trees; Electronic commerce; Feature extraction; Learning systems; Logistic regression; Nearest neighbor search; Random forests; Sales; Support vector regression; Bank customer churn; Classification algorithm; Customer churns; E- commerces; Features selection; Information gain; Machine-learning; Random forests; Univariate; Univariate feature selection; Classification (of information)","Springer Science and Business Media Deutschland GmbH","Conference paper","Final","","Scopus","2-s2.0-105023498373"
"Roy J.; Singh S.K.; Shaw L.","Roy, Joyjit (60254850100); Singh, Samaresh Kumar (60255703300); Shaw, Laxmi (56963348700)","60254850100; 60255703300; 56963348700","Customer Churn Prediction on Structured Data Using FT-Transformer and Stacking Ensembles","2026","IEEE Access","","","","","","0","10.1109/ACCESS.2026.3686374","https://www.scopus.com/pages/publications/105036655499?origin=resultslist","Texas A & M University-Victoria, Victoria, TX, United States","Roy J.; Singh S.K.; Shaw L., Texas A & M University-Victoria, Victoria, TX, United States","Customer churn prediction is essential across data-driven industries such as insurance, digital banking, e-commerce, and subscription platforms, where retaining existing customers usually incurs lower cost than acquiring new ones. Churn prediction on structured tabular datasets remains challenging due to class imbalance, nonlinear feature interactions, and heterogeneous feature types. Tree-based ensembles continue to demonstrate strong performance in these settings, often outperforming conventional neural networks. This study introduces a validated hybrid architecture that integrates feature-tokenized transformers (FT- Transformer) with gradient-boosted trees using calibration-aware stacking. The framework addresses gaps in statistical validation, probability calibration, and reproducibility that persist in existing work. An FT-Transformer models higher-order feature interactions via self-attention, while XGBoost captures gradientboosted decision boundaries with complementary inductive biases. The models are ensembled using out-of-fold (OOF) stacking with a logistic regression meta-learner to improve generalization under class imbalance. On a public bank churn dataset (10,000 customers, 20% churn rate), the hybrid model achieves 62.10% F1, 0.861 AUC-ROC, and 0.647 PR-AUC, outperforming the Multi-Layer Perceptron (MLP) baseline by 3.37 F1 points (p < 0.001) and 0.027 AUC under 5x5 cross-validation. Ablation studies confirm that both the transformer component and stacking strategy contribute materially to performance. The proposed methodology provides a reproducible and extensible reference architecture for modern churn prediction on structured tabular data, bridging recent advances in attention-based modeling with ensemble techniques. © 2013 IEEE.","class imbalance; Customer churn prediction; FT-Transformer; gradient boosting; probability calibration; reproducible machine learning; stacking ensemble; tabular data","Adaptive boosting; Calibration; Electronic commerce; Forecasting; Forestry; Learning systems; Logistic regression; Network architecture; Neural networks; Class imbalance; Customer churn prediction; FT-transformer; Gradient boosting; Machine-learning; Probability calibration; Reproducible machine learning; Stacking ensemble; Stackings; Tabular data; Sales","Institute of Electrical and Electronics Engineers Inc.","Article","Article in press","All Open Access; Gold Open Access; Green Open Access","Scopus","2-s2.0-105036655499"
"Zhang H.; Wang Y.; Li Z.; Wang X.","Zhang, Hanyuan (60197927000); Wang, Yankai (60198484500); Li, Zexuan (60197642000); Wang, Xiaoyin (60198063400)","60197927000; 60198484500; 60197642000; 60198063400","Machine Learning Models for Bank Customer Churn Prediction: A Comparative Study of LightGBM, CatBoost, and XGBoost","2025","BDAIE 2025 - Proceedings of 2025 International Conference on Big Data, Artificial Intelligence and Digital Economy","","","","6","16","0","10.1145/3767052.3767054","https://www.scopus.com/pages/publications/105022139429?origin=resultslist","Faculty of Business and Management, Beijing Normal-Hong Kong Baptist University, Guangdong, Zhuhai, China; School of Public Administration, Hubei University, Hubei, Wuhan, China; Faculty of Management and Economics, Beijing Institute of Technology, Beijing, China; SHU-UTS SILC Business School, Shanghai University, Shanghai, China","Zhang H., Faculty of Business and Management, Beijing Normal-Hong Kong Baptist University, Guangdong, Zhuhai, China; Wang Y., School of Public Administration, Hubei University, Hubei, Wuhan, China; Li Z., Faculty of Management and Economics, Beijing Institute of Technology, Beijing, China; Wang X., SHU-UTS SILC Business School, Shanghai University, Shanghai, China","This research is dedicated to forecasting bank customer churn by using machine learning methods. In the highly competitive landscape of the banking industry, retaining customers has emerged as a critical factor for a bank's success. Eleven distinct machine learning models were utilized in the analysis of a bank customer dataset. Prior to model implementation, comprehensive data preprocessing was conducted, encompassing the management of missing values, encoding of categorical variables, and detection of outliers. The models were then evaluated under various data split ratios and sampling methods, with recall serving as the primary evaluation metric.The study's findings indicate that LightGBM, CatBoost, and XGBoost demonstrate superior performance in predicting customer churn. Additionally, Gradient Boost, Ada Boost, and Bagging prove to be effective in handling imbalanced data. Several key predictors of customer churn, such as Total_Trans_Amt and Total Trans ct, were identified. These results offer valuable practical implications for banks in formulating customer retention strategies. However, it is necessary to recognize the research's limitations. There may be deficiencies in data representation. What's more, external factors that could influence customer churn have been excluded.  © 2025 Copyright held by the owner/author(s).","bank customer churn prediction; exploratory data analysis; machine learning","Adaptive boosting; Customer satisfaction; Data reduction; Forecasting; Information management; Machine learning; Bank customer churn prediction; Banking industry; Comparatives studies; Critical factors; Customer churn prediction; Customer churns; Exploratory data analysis; Machine learning methods; Machine learning models; Machine-learning; Learning systems; Sales","Association for Computing Machinery, Inc","Conference paper","Final","All Open Access; Gold Open Access","Scopus","2-s2.0-105022139429"
"Kerkri A.","Kerkri, Abdelmounaim (57204426636)","57204426636","Profit-Weighted Machine Learning: A Cross-Domain Analysis of Ensemble Approaches to Churn Prediction","2026","Operations Research Forum","7","2","39","","","0","10.1007/s43069-026-00627-0","https://www.scopus.com/pages/publications/105033983306?origin=resultslist","Laboratory of Engineering Sciences and Intelligent Systems, National School of Applied Sciences, Mohammed Premier University, Oujda, Morocco","Kerkri A., Laboratory of Engineering Sciences and Intelligent Systems, National School of Applied Sciences, Mohammed Premier University, Oujda, Morocco","We present a profit-weighted ensemble learning framework for customer churn prediction that integrates customer economic value throughout the modeling pipeline. Our approach incorporates value considerations at three levels: base model training through profit-weighted sampling, ensemble construction via value-aware meta-learning, and decision threshold optimization. We introduce value-weighted AUC and top decile lift as novel evaluation metrics that prioritize high-value customer classification accuracy. Through comprehensive evaluation across banking, e-commerce, and streaming domains using nested cross-validation, we compare our method against established profit-oriented approaches. Results reveal a fundamental trade-off between discrimination capability and profit optimization: while our ensemble achieves competitive value-weighted AUC performance, segmentation-based methods consistently outperform continuous value-weighting approaches in economic outcomes across all domains. Cross-domain analysis demonstrates that customer heterogeneity represents the primary driver of profit optimization in churn prediction, with explicit segmentation strategies proving more effective than algorithmic sophistication alone. Our methodological contributions provide novel business-aligned metrics and evaluation tools for future research in profit-oriented machine learning applications. © The Author(s), under exclusive licence to Springer Nature Switzerland AG 2026.","Churn prediction; Cross-domain analysis; Customer value; Ensemble learning; Profit optimization; Retention economics","","Springer International Publishing","Article","Final","","Scopus","2-s2.0-105033983306"
"Kitova K.; Toleva B.; Ivanov I.; Ivanov I.","Kitova, Kalina (59492799900); Toleva, Borislava (58527763900); Ivanov, Ivelin (57197556853); Ivanov, Ivan (16202986300)","59492799900; 58527763900; 57197556853; 16202986300","Customer churn prediction in the bank sector: Advanced SMOTE techniques","2026","Proceedings of SPIE - The International Society for Optical Engineering","14180","","1418002","","","0","10.1117/12.3106793","https://www.scopus.com/pages/publications/105039851336?origin=resultslist","Faculty of Economics and Business Administration, Sofia University St. Kl. Ohridski, 125 Tzarigradsko shosse blv, Sofia, 1113, Bulgaria; Kolej Dobrich, Konstantin Preslavsky University of Shumen, 12 Dobrotica, Dobrich, Bulgaria","Kitova K., Faculty of Economics and Business Administration, Sofia University St. Kl. Ohridski, 125 Tzarigradsko shosse blv, Sofia, 1113, Bulgaria; Toleva B., Faculty of Economics and Business Administration, Sofia University St. Kl. Ohridski, 125 Tzarigradsko shosse blv, Sofia, 1113, Bulgaria; Ivanov I., Kolej Dobrich, Konstantin Preslavsky University of Shumen, 12 Dobrotica, Dobrich, Bulgaria; Ivanov I., Faculty of Economics and Business Administration, Sofia University St. Kl. Ohridski, 125 Tzarigradsko shosse blv, Sofia, 1113, Bulgaria","The concern of customer churn was most predominant due to the loss of customers or the inability of the banking sector to retain its clients. This research work utilized a Kaggle dataset containing details about bank clients. The experiments used four customer attrition prediction algorithms: Support Vector Machine (SVM), Random Forest (RF), and XGBoost. To address the class imbalance, three strategies utilizing the Synthetic Minority Oversampling Technique (SMOTE) were examined: Applying SMOTE to the training set, applying it to the entire dataset before data splitting, and applying it separately to both training and testing sets. One of the primary goals of this research is to examine how various SMOTE approaches interact with the data and impact the resulting outcomes. These findings showed that it would be best if XGBoost and Random Forest were implemented to show the best results among all the evaluated models. By the end of the hyperparameter tuning, it was possible to determine an ideology that saw classification errors grouped in the confusion matrix reduced to below 9%. The accuracy reached 91% with the help of the XGBoost model. © COPYRIGHT SPIE. Downloading of the abstract is permitted for personal use only.","Bank customer attrition; Churn prediction; Machine learning; Random Forest; SMOTE; XGboost","Banking; Classification (of information); Image retrieval; Pattern recognition; Sales; Statistical tests; Support vector machines; Bank customer attrition; Banking sectors; Churn predictions; Customer churn prediction; Customer churns; Machine-learning; Random forests; Synthetic minority over-sampling techniques; Training sets; Xgboost; Learning systems","SPIE","Conference paper","Final","","Scopus","2-s2.0-105039851336"
"Vanitha M.; Faritha Banu J.","Vanitha, M. (59895805100); Faritha Banu, J. (54959955500)","59895805100; 54959955500","Enhancing Customer Retention: A Federated Machine Learning Framework for Banking Churn Prediction","2025","2025 International Conference on Automation and Computation, AUTOCOM 2025","","","","143","148","0","10.1109/AUTOCOM64127.2025.10957571","https://www.scopus.com/pages/publications/105003902865?origin=resultslist","Srm Institute of Science and Technology, Faculty of Engineering and Technology, Department of Computer Science and Engineering, Bharathi Salai, Ramapuram, Tamil Nadu, Chennai, India","Vanitha M., Srm Institute of Science and Technology, Faculty of Engineering and Technology, Department of Computer Science and Engineering, Bharathi Salai, Ramapuram, Tamil Nadu, Chennai, India; Faritha Banu J., Srm Institute of Science and Technology, Faculty of Engineering and Technology, Department of Computer Science and Engineering, Bharathi Salai, Ramapuram, Tamil Nadu, Chennai, India","Customer attrition has become the significant challenge for the bank, making large volume of customers to migrate to other banks, as the banks keeps providing multiple benefits to the incoming customers. The loss due to migration of the existing customer to the competitive bankers creates the banking churn, means of loss of customer relationship with the bank, and affects the development, business and the profitability of the corresponding bank. It is essential to predict the banking churn with a primary objective of retaining the customers, considered as a critical task. To achieve this objective, banking sectors employ the customer behavioral analysis to determine the rate of customer churn, resulting in incorrect diagnosis of the churn rate. To over this concern, this research manuscript proposes a novel federated Machine Learning (ML) framework for the prediction of the customer churn, directly contributes for the enhancement of the customer retention. This proposed novel framework offers significant advancements for the banking prediction on customer retention, thus provides an accurate tool for the analysis of customer relationships. The proposed prediction framework is analyzed in terms of accuracy, precision, recall, F1 score and the performance is compared with the state of the art prediction methodologies. © 2025 IEEE.","Banking churn; Customer behavior prediction; Customer Retention; Machine Learning (ML)","Behavioral research; Customer satisfaction; Public relations; Sales; Banking churn; Behavior prediction; Customer behavior; Customer behavior prediction; Customer churns; Customer relationships; Customer retention; Learning frameworks; Machine learning; Machine-learning; Federated learning","Institute of Electrical and Electronics Engineers Inc.","Conference paper","Final","","Scopus","2-s2.0-105003902865"
"Lee J.-H.; Nguyen V.-H.; Le H.-S.","Lee, Jong-Hwa (57487000100); Nguyen, Van-Ho (57199220074); Le, Hoanh-Su (57200087070)","57487000100; 57199220074; 57200087070","Predict customer churn in the banking sector: a machine learning approach with imbalanced data handling techniques","2026","International Journal of Advances in Intelligent Informatics","12","1","","267","282","0","10.26555/ijain.v12i1.2262","https://www.scopus.com/pages/publications/105033282038?origin=resultslist","Dong-Eui University, South Korea; University of Economics and Law, Viet Nam","Lee J.-H., Dong-Eui University, South Korea; Nguyen V.-H., University of Economics and Law, Viet Nam; Le H.-S., University of Economics and Law, Viet Nam","Customer value analysis is a critical component in formulating effective marketing and customer relationship management (CRM) strategies, especially in sectors where client movement and strong competition are prevalent A key element of this process lies in enhancing customer retention rates, as retaining existing clients is typically more cost-effective than acquiring new ones and directly contributes to improving overall profitability. In today’s banking environment, where customers can choose from a broad range of financial services, customer churn has become a critical challenge. Predicting and understanding attrition enables financial institutions to implement proactive and targeted interventions to protect market share and strengthen customer loyalty. This study analyzes a real-world dataset comprising 10,127 customer records from a commercial bank, where only 1,627 entries correspond to churned customers, thereby presenting a notable class imbalance problem. To address this, several data balancing techniques were applied, including class-weight adjustment, SMOTE, SMOTE-Tomek Links, and SMOTE-ENN. Multiple machine learning models-Support Vector Machine, Random Forest, Decision Tree, Logistic Regression, AdaBoost-were evaluated to identify the most effective approach for churn prediction. The Random Forest model achieved an 86% F1-score after applying SMOTE-Tomek Links, demonstrating strong predictive capability. The key contribution of this study lies in integrating advanced resampling techniques with ensemble learning and customer behavioral insights to improve churn prediction performance and support data-driven retention strategies in the banking sector. © 2026 The Author(s).","Churn Prediction; Customer churn; Ensemble Learning; Imbalance data handling; Machine Learning","","Universitas Ahmad Dahlan","Article","Final","All Open Access; Gold Open Access; Green Open Access","Scopus","2-s2.0-105033282038"
"Alassuli A.; Eltweri A.; Thuneibat N.S.; Al-Hajaya K.; Ismail S.M.","Alassuli, Abdalla (58078945600); Eltweri, Ahmed (57221941578); Thuneibat, Nawaf Samah (57221199420); Al-Hajaya, Krayyem (57455162400); Ismail, Saad M. (60430291600)","58078945600; 57221941578; 57221199420; 57455162400; 60430291600","Artificial Intelligence Applications and Financial Forecasting Accuracy in Banking Platforms: Evidence from Jordan","2026","Administrative Sciences","16","3","122","","","0","10.3390/admsci16030122","https://www.scopus.com/pages/publications/105034312277?origin=resultslist","Department of Accounting, College of Business, Amman Arab University, AAU, Amman, 11953, Jordan; Accounting and Finance, Liverpool Business School, Liverpool John Moores University, Liverpool, L1 9DE, United Kingdom; Department of Accounting, Business School, Mutah University, Alkarak, 61710, Jordan; Department of Accounting, College of Business Administration, American University of the Middle East, Egaila, 54200, Kuwait; College of Information Technology, Amman Arab University (AAU), Amman, 11953, Jordan","Alassuli A., Department of Accounting, College of Business, Amman Arab University, AAU, Amman, 11953, Jordan; Eltweri A., Accounting and Finance, Liverpool Business School, Liverpool John Moores University, Liverpool, L1 9DE, United Kingdom; Thuneibat N.S., Department of Accounting, Business School, Mutah University, Alkarak, 61710, Jordan; Al-Hajaya K., Department of Accounting, College of Business Administration, American University of the Middle East, Egaila, 54200, Kuwait; Ismail S.M., College of Information Technology, Amman Arab University (AAU), Amman, 11953, Jordan","The continued digitalisation of banking systems has raised a demand for more reliable data-based decision-making, in particular when referring to financial forecasts as covered by e-banking applications. This research also investigates the usage of AI-based decision-making systems to facilitate forecasting effectiveness in Jordanian commercial banks. Field research was carried out and 390 employees, working at 14 commercial banks in Jordan, responded to an organised questionnaire. Although the minimum required sample size was 384 respondents, a total of 390 valid responses were collected and used in the final analysis, thereby exceeding the minimum sample requirement. This research concentrates on three dominant categories of AI applications, including expert systems (ES), machine learning (ML), and Robotic Process Automation (RPA), which together are analysed for their effect on forecasting results in the context of customer churn, debt repayment, as well as investment analysis. The results of the multiple regression analysis indicate that AI applications contribute to improvements in forecasting accuracy, with machine learning and RPA showing relatively stronger effects. Expert systems were found to support investment analysis and debt repayment forecasting; however, their influence on customer churn prediction was more limited. In general, the findings indicate that AI applications are not confined to routine automation but are increasingly used as decision-support tools that assist financial analysis and forecasting activities in banking systems. © 2026 by the authors.","artificial intelligence; banking platforms; digital decision-making; digital finance; financial forecasting accuracy; machine learning; robotic process automation","","Multidisciplinary Digital Publishing Institute (MDPI)","Article","Final","All Open Access; Gold Open Access; Green Open Access","Scopus","2-s2.0-105034312277"
"Gulati A.; Nikita; Sharma H.; Bhardwaj V.","Gulati, Atharv (60522628600); Nikita (60644913900); Sharma, Harish (56229215400); Bhardwaj, Vivek (57219288783)","60522628600; 60644913900; 56229215400; 57219288783","Bank Customer Churn Prediction Using Machine Learning: A Comparative Study with SMOTE-Based Class Balancing","2025","Proceedings of 10th International Conference on Communication and Electronics Systems, ICCES 2025","","","","1777","1781","1","10.1109/ICCES67310.2025.11336881","https://www.scopus.com/pages/publications/105033533112?origin=resultslist","School of Computer Science and Engineering, Manipal University Jaipur, Jaipur, India; Amity School of Engineering & Technology, Amity University Punjab, Punjab, Mohali, 140306, India","Gulati A., School of Computer Science and Engineering, Manipal University Jaipur, Jaipur, India; Nikita, School of Computer Science and Engineering, Manipal University Jaipur, Jaipur, India; Sharma H., School of Computer Science and Engineering, Manipal University Jaipur, Jaipur, India; Bhardwaj V., Amity School of Engineering & Technology, Amity University Punjab, Punjab, Mohali, 140306, India","In an increasingly competitive financial landscape, customer retention has become essential for banks to maintain profitability and ensure long-term growth. This study presents a machine learning-based churn prediction model tailored for the banking sector, with the goal of identifying customers at risk of attrition. A comprehensive dataset incorporating demographic, transactional, and behavioral features was used to train and evaluate several classification models, including Logistic Regression, Support Vector Machine (SVM), k-Nearest Neighbors (KNN), Decision Tree, Random Forest, Gradient Boosting Decision Tree (GBDT), XGBoost, LightGBM, and Extra Trees. To address class imbalance in the dataset, Synthetic Minority Over-sampling Technique (SMOTE) was applied, significantly enhancing model performance. Post-tuning evaluation shows that XGBoost achieved the highest accuracy (97.04%), F1-score (0.9038), and AUC-ROC (0.9925), followed closely by LightGBM and Random Forest. In contrast, models such as SVM and KNN underperformed, demonstrating limited practical utility. The results affirm the effectiveness of ensemble models-especially XGBoost-in churn prediction tasks, enabling banks to implement proactive retention strategies with high accuracy. The study emphasizes the importance of integrating advanced machine learning techniques and class balancing strategies to improve the reliability of predictive models in the banking domain. © 2025 IEEE.","Banking Analytics; Customer Churn Prediction; Machine Learning; XGBoost and SMOTE","Balancing; Banking; Classification (of information); Customer satisfaction; Decision trees; Forecasting; Learning systems; Logistic regression; Nearest neighbor search; Prediction models; Random forests; Support vector regression; Banking analytic; Churn predictions; Comparatives studies; Customer churn prediction; High-accuracy; Machine-learning; Nearest-neighbour; Random forests; Synthetic minority over-sampling techniques; Xgboost and synthetic minority over-sampling technique; Sales","Institute of Electrical and Electronics Engineers Inc.","Conference paper","Final","","Scopus","2-s2.0-105033533112"
"Sultonov B.; Akhmedova D.; Matyaqubov H.; Falina N.; Shankar K.","Sultonov, Bunyodbek (59715868600); Akhmedova, Dilrabo (59132833900); Matyaqubov, Hamdam (59715673600); Falina, Natalia (57211354621); Shankar, K. (56884031900)","59715868600; 59132833900; 59715673600; 57211354621; 56884031900","Advancement in Customer Attrition Prediction: Design of Optimal Triple Refined Indeterminate Neutrosophic Sets in Large-Scale Financial Sectors","2025","International Journal of Neutrosophic Science","26","2","","29","40","0","10.54216/IJNS.260204","https://www.scopus.com/pages/publications/105001435085?origin=resultslist","Institute of Economics and Management, Herzen State Pedagogical University of Russia, Saint Petersburg, 191186, Russian Federation; Department of Economics, Mamun University, Khiva, 220900, Uzbekistan; Department of History, Urgench State University, Urgench, 220100, Uzbekistan; Finance Department, Kuban State Agrarian University named after I.T. Trubilin, Krasnodar, 350044, Russian Federation; Department of Computer Science and Engineering, Saveetha School of Engineering, Saveetha Institute of Medical and Technical Sciences, Chennai, 602105, India","Sultonov B., Institute of Economics and Management, Herzen State Pedagogical University of Russia, Saint Petersburg, 191186, Russian Federation; Akhmedova D., Department of Economics, Mamun University, Khiva, 220900, Uzbekistan; Matyaqubov H., Department of History, Urgench State University, Urgench, 220100, Uzbekistan; Falina N., Finance Department, Kuban State Agrarian University named after I.T. Trubilin, Krasnodar, 350044, Russian Federation; Shankar K., Department of Computer Science and Engineering, Saveetha School of Engineering, Saveetha Institute of Medical and Technical Sciences, Chennai, 602105, India","Background: Neutrosophy is the subject area of philosophy that researches all associated with neutralities, owing to the contradictory information, lack of information, imprecise and paradoxical information, among them. The scale's design is organized to take the subjective quality of opinion, being responsible for either uncertainty or the indeterminacy of the respondents' opinions. It relies on the triple refined indeterminate neutrosophic sets (NS) for improved accuracy in understanding the agreement or disagreement level on particular items, like the competence of activities cost and financial management inside the legal services. Currently, customer abrasion is more and more serious in commercial banks, mainly, high-valued customers in retail banking. Therefore, it is stimulated to advance a prediction mechanism and recognize this customer may be at attrition risk. Thus, recognizing and lowering customer churn has become important for financial institutions trying to maintain customers. Currently, several researchers concentrate on customer attrition rate studies utilizing sophisticated machine learning (ML) and deep learning (DL) methods. Methodology: This study develops a Customer Attrition Prediction Using Triple Refined Indeterminate Neutrosophic Sets with an Optimization Algorithm (CAP-TRINSOA) technique. The main aim of the CAP-TRINSOA technique is to improve the attrition prediction of a customer in large-scale financial sectors using state-of-the-art techniques. In the initial stage, the data normalization employs mean normalization to transfer input data into an even format. Furthermore, the classification process is performed by implementing the triple refined indeterminate neutrosophic sets (TRINS). Finally, the honey badger algorithm (HBA) alters the parameter tuning value of the TRINS method optimally and results in greater performance of classification. Results: An extensive set of simulations is accomplished to exhibit the promising results of the CAP-TRINSOA method under the bank customer churn prediction dataset. The experimental validation of the CAP-TRINSOA technique portrayed a superior accuracy value of 97.65% over exisitng model in the customer attrition prediction process. © 2025, American Scientific Publishing Group (ASPG). All rights reserved.","Customer Attrition Prediction; Financial Sectors; Honey Badger Algorithm; Neutrosophic Sets; Neutrosophy; Triple Refined Indeterminate Neutrosophic Sets","","American Scientific Publishing Group (ASPG)","Article","Final","","Scopus","2-s2.0-105001435085"
"Rana M.S.; Chouksey A.; Hossain S.; Sumsuzoha M.; Bhowmik P.K.; Hossain M.; Rabby M.F.; Gurung N.; Zeeshan M.A.F.","Rana, Md. Sohel (59667252900); Chouksey, Anchala (59667853700); Hossain, Saddam (59668164600); Sumsuzoha, Md (59667407200); Bhowmik, Proshanta Kumar (59667704400); Hossain, Miraz (59668007400); Rabby, Md Fazlay (59668007500); Gurung, Nisha (59667407300); Zeeshan, MD Abdul Fahim (59667554900)","59667252900; 59667853700; 59668164600; 59667407200; 59667704400; 59668007400; 59668007500; 59667407300; 59667554900","AI-Driven Predictive Modeling for Banking Customer Churn: Insights for the US Financial Sector","2025","Journal of Ecohumanism","4","1","","3478","3497","4","10.62754/joe.v4i1.6188","https://www.scopus.com/pages/publications/85219653172?origin=resultslist","University of Cumberlands, United States; University of North Texas, Denton, TX, United States; Gannon University, Erie, PA, United States; Trine University, United States; Department of Business Analytics, Trine University, Angola, IN, United States; Westcliff University, United States; American International University, United States","Rana M.S., University of Cumberlands, United States; Chouksey A., University of North Texas, Denton, TX, United States; Hossain S., Gannon University, Erie, PA, United States; Sumsuzoha M., Trine University, United States; Bhowmik P.K., Department of Business Analytics, Trine University, Angola, IN, United States; Hossain M., Westcliff University, United States; Rabby M.F., American International University, United States; Gurung N., Gannon University, Erie, PA, United States; Zeeshan M.A.F., Gannon University, Erie, PA, United States","The US banking sector is operating within a very dynamic and competitive environment, providing a wide array of services under the pressure of increasingly demanding customers. Customer churn in the context of financial institutions is defined as the phenomenon of customers terminating their relationship with a bank. The central tenet of this research project was to devise and develop predictive models of artificial intelligence that can help address the issue of customer churn from the banking perspective. The dataset of banking customer churn prediction used for this analysis comprises a comprehensive set of data about customers from a leading financial institution. It includes extensive customer records, each described by features representing different dimensions of customer behavior and demographics. The three most influential algorithms were selected for this study: Logistic Regression, Random Forest, and XG-Boost. Each model has different strengths that are quite appropriate for the intrinsic complexities of the customer churn forecast. Random Forest was the best in terms of accuracy among the models, with a relative accuracy, which may indicate that this algorithm fits the underlying pattern in the data best. The integration of AI-driven churn prediction models in the US financial sector has far-reaching implications for banks, enhancing their operational efficiency and customer relationship management. First and foremost, it can identify at-risk customers with a high degree of accuracy, thus helping the banks to implement focused retention strategies that can bring down the churn rate significantly. © 2025, Creative Publishing House. All rights reserved.","Artificial Intelligence; Banking Industry; Customer Churn; Machine Learning; Predictive Modelling; US Financial Sector","","Creative Publishing House","Article","Final","All Open Access; Hybrid Gold Open Access","Scopus","2-s2.0-85219653172"
"","","","3rd International Conference on Data, Electronics and Computing, ICDEC 2024","2026","Lecture Notes in Networks and Systems","1455 LNNS","","","","","0","","https://www.scopus.com/pages/publications/105023488029?origin=resultslist","","","The proceedings contain 33 papers. The special focus in this conference is on Data, Electronics and Computing. The topics include: Multilingual Automatic Briefing Generation in Spanish, Japanese, Italian, German, Czech, Turkish, English, Dutch, Vietnamese, and Indonesian: Multilingual Automatic Briefing Generation; Cyrillic URL: A Malicious Website Classification Using Deep Neural Network; predicting Customer Churn in Banking Sector Using Machine Learning Classification Algorithms; Advancements in SQL Query Generation Schemes in the Field of Natural Language Processing: A Comprehensive Overview; an Improved Cryptanalysis of Knapsack Cryptosystem Using Dingo Optimizer; sentiment Analysis During Covid-19 Pandemic: A Comparative Study; temperature-Wave Analysis: A Work with Ensemble Regression Prediction Method; optimizing Carp Fish Classification with Weighted Voting Ensemble; towards Design of an Integrated System for Bengali Text Document Retrieval, Clustering, Cluster Label Generation and Document Summarization; carp-Trans-Attention: Applying Attention to the Pre-trained Convolutional Feature Maps for Carp Classification; Hybrid Learning Rate Schedule for Enhanced Deep Learning in LoRaWAN-IoT Localization; framework for Efficient Task Scheduling and Resource Allocation in Fog-Computing Network: Alliance Formation Using Game Theory Approach; Student Stress Prediction Using Interactive Multi-modal AI; COVLoS-Net: An Automated System to Predict COVID-19 Infected Patient’s Length of Stay (LoS) in Hospital; barbell Exercise Classification and Repetition Counting; Analyzing Mental Health of Minority Communities on Twitter Using Keyword Extraction and LDA Topic Modeling; CentroidX-GAN: A Centroid-Based Text-to-Chest X-Ray Image Synthesis Model Using Generative Adversarial Network; an Ensemble Framework Approach of Hybrid Quantum Convolutional Neural Networks for Classification of Breast Cancer Images; LSTM-PPI: A Deep Learning-Based Protein–Protein Interaction Prediction Strategies for Human Proteome; enhanced Breast Cancer Diagnosis from Mammogram Images with Deep Feature Fusion and Meta-Heuristic Optimization; How to Use Data Mining Techniques in CRM?.","","","Springer Science and Business Media Deutschland GmbH","Conference review","Final","","Scopus","2-s2.0-105023488029"
"Sharma V.; Gupta K.K.; Dhanda N.","Sharma, Vaibhavi (60616649000); Gupta, Kapil Kumar (57210542491); Dhanda, Namrata (55440790600)","60616649000; 57210542491; 55440790600","Predicting Customer Churn Using Machine Learning Technique","2026","Proceedings of 2nd International Conference on Multi-Agent Systems for Collaborative Intelligence, ICMSCI 2026","","","","794","799","0","10.1109/ICMSCI67830.2026.11469657","https://www.scopus.com/pages/publications/105037896469?origin=resultslist","Amity University, Computer Science & Engineering Department, Uttar Pradesh, Lucknow, India","Sharma V., Amity University, Computer Science & Engineering Department, Uttar Pradesh, Lucknow, India; Gupta K.K., Amity University, Computer Science & Engineering Department, Uttar Pradesh, Lucknow, India; Dhanda N., Amity University, Computer Science & Engineering Department, Uttar Pradesh, Lucknow, India","Customer churn is a critical issue in the telecommunications sector because retaining current customers is more economical than attracting new ones. High market competition and minimal switching barriers enable customers to easily change service providers. In this study, a machine learning-based system was developed to predict customer churn and identify users who are likely to discontinue their services. A real-world telecom customer dataset containing demographic, financial, and service-related information such as tenure, monthly charges, technical support, and internet services was used. The data was processed through a structured pipeline that included data cleaning, feature engineering, exploratory data analysis (EDA), model training, and performance evaluation. Four classification models: XGBoost, Random Forest, Logistic Regression, and, Decision Tree were applied for churn prediction. The analysis showed that customers with shorter tenure, higher monthly charges, and no technical support were more likely to churn. In contrast, customers using value-added services such as OTT platforms showed lower churn rates. Model performance was evaluated using ROC-AUC, F1-score, recall, precision and accuracy. Among all models, XGBoost achieved the best results with an accuracy of 90.3% and an ROC-AUC score of 0.93. The results suggest that machine learning can effectively support telecom companies in identifying high-risk customers and improving retention strategies. This study also helped us understand how datadriven methods can be applied to solve real-world business problems. In the future, explainable AI techniques, real-time dashboards, and applications in other domains such as banking and e-commerce can be explored.  © 2026 IEEE.","classification; Customer churn; data preprocessing; machine learning; predictive modeling; telecom analytics; XGBoost","Competition; Decision trees; Information systems; Logistic regression; Machine learning; Predictive analytics; Random forests; Sales; Telecommunication industry; Telecommunication services; Customer churns; Data preprocessing; Machine learning techniques; Machine-learning; Modeling performance; Predictive models; Real-world; Telecom; Telecom analytic; Xgboost; Learning systems","Institute of Electrical and Electronics Engineers Inc.","Conference paper","Final","","Scopus","2-s2.0-105037896469"
"Bussey K.; Ghareeb S.; Mustafina J.","Bussey, Kathryn (60538801000); Ghareeb, Shatha (57216730545); Mustafina, Jamila (56584536900)","60538801000; 57216730545; 56584536900","Bank Customer Churn Prediction: A Machine Learning Approach","2025","Proceedings - 18th International Conference on Developments in eSystems Engineering, DeSE 2025","","","","453","458","0","10.1109/DeSE68208.2025.11367920","https://www.scopus.com/pages/publications/105034172337?origin=resultslist","Teesside University, Middlesbrough, United Kingdom; Kazan Federal University Kazan, Russian Federation","Bussey K., Teesside University, Middlesbrough, United Kingdom; Ghareeb S., Teesside University, Middlesbrough, United Kingdom; Mustafina J., Kazan Federal University Kazan, Russian Federation","This study assesses four machine learning (ML) algorithms - Decision Tree (DT), Random Forest (RF), K-Nearest Neighbours (KNN) and Support Vector Machines (SVM) - for predicting customer churn in banking. It explores optimisation methods including SMOTE, hyperparameter tuning and feature importance to enhance model effectiveness. Results indicate that RF outperforms the others, showing significant metric improvements over previous studies.  © 2025 IEEE.","Customer churn; Decision Tree; K-Nearest Neighbours; Machine learning; Random Forest; Support Vector Machines","Data mining; Intelligent systems; Learning systems; Nearest neighbor search; Random forests; Sales; Support vector machines; Customer churn prediction; Customer churns; K-near neighbor; Machine learning algorithms; Machine learning approaches; Machine-learning; Nearest-neighbour; Optimization method; Random forests; Support vectors machine; Decision trees","Institute of Electrical and Electronics Engineers Inc.","Conference paper","Final","","Scopus","2-s2.0-105034172337"
